idx,onnx,vnnlib,csv_timeout,used_timeout,wall_sec,verdict,exit_code,result_file,log_file
39,"onnx/mnist_fc_vnncomp2022_mnist-net_256x4.onnx","vnnlib/mnist_fc_vnncomp2022_prop_4_0.03.vnnlib",30,30,9.32,unsat,0,"/data1/Kane/ACT/audit_results/abcrown25_supplemental_20260526/relusplitter/0039__mnist_fc_vnncomp2022_mnist-net_256x4__mnist_fc_vnncomp2022_prop_4_0.03.result","/data1/Kane/ACT/audit_results/abcrown25_supplemental_20260526/relusplitter/0039__mnist_fc_vnncomp2022_mnist-net_256x4__mnist_fc_vnncomp2022_prop_4_0.03.log"
81,"onnx/oval21-benchmark_cifar_base_kw.onnx","vnnlib/oval21-benchmark_cifar_base_kw-img3365-eps0.0407843137254902.vnnlib",60,60,4.86,missing_result,2,"/data1/Kane/ACT/audit_results/abcrown25_supplemental_20260526/relusplitter/0081__oval21-benchmark_cifar_base_kw__oval21-benchmark_cifar_base_kw-img3365-eps0.0407843137254902.result","/data1/Kane/ACT/audit_results/abcrown25_supplemental_20260526/relusplitter/0081__oval21-benchmark_cifar_base_kw__oval21-benchmark_cifar_base_kw-img3365-eps0.0407843137254902.log"
82,"onnx/oval21-benchmark_cifar_base_kw_RSPLITTER_oval21-benchmark_cifar_base_kw-img3365-eps0.0407843137254902.onnx","vnnlib/oval21-benchmark_cifar_base_kw-img3365-eps0.0407843137254902.vnnlib",180,180,4.91,missing_result,2,"/data1/Kane/ACT/audit_results/abcrown25_supplemental_20260526/relusplitter/0082__oval21-benchmark_cifar_base_kw_RSPLITTER_oval21-benchmark_cifar_base_kw-img3365-eps0.0407843137254902__oval21-benchmark_cifar_base_kw-img3365-eps0.0407843137254902.result","/data1/Kane/ACT/audit_results/abcrown25_supplemental_20260526/relusplitter/0082__oval21-benchmark_cifar_base_kw_RSPLITTER_oval21-benchmark_cifar_base_kw-img3365-eps0.0407843137254902__oval21-benchmark_cifar_base_kw-img3365-eps0.0407843137254902.log"
83,"onnx/oval21-benchmark_cifar_base_kw.onnx","vnnlib/oval21-benchmark_cifar_base_kw-img2537-eps0.006666666666666667.vnnlib",60,60,4.52,missing_result,2,"/data1/Kane/ACT/audit_results/abcrown25_supplemental_20260526/relusplitter/0083__oval21-benchmark_cifar_base_kw__oval21-benchmark_cifar_base_kw-img2537-eps0.006666666666666667.result","/data1/Kane/ACT/audit_results/abcrown25_supplemental_20260526/relusplitter/0083__oval21-benchmark_cifar_base_kw__oval21-benchmark_cifar_base_kw-img2537-eps0.006666666666666667.log"
84,"onnx/oval21-benchmark_cifar_base_kw_RSPLITTER_oval21-benchmark_cifar_base_kw-img2537-eps0.006666666666666667.onnx","vnnlib/oval21-benchmark_cifar_base_kw-img2537-eps0.006666666666666667.vnnlib",180,180,4.53,missing_result,2,"/data1/Kane/ACT/audit_results/abcrown25_supplemental_20260526/relusplitter/0084__oval21-benchmark_cifar_base_kw_RSPLITTER_oval21-benchmark_cifar_base_kw-img2537-eps0.006666666666666667__oval21-benchmark_cifar_base_kw-img2537-eps0.006666666666666667.result","/data1/Kane/ACT/audit_results/abcrown25_supplemental_20260526/relusplitter/0084__oval21-benchmark_cifar_base_kw_RSPLITTER_oval21-benchmark_cifar_base_kw-img2537-eps0.006666666666666667__oval21-benchmark_cifar_base_kw-img2537-eps0.006666666666666667.log"
85,"onnx/oval21-benchmark_cifar_base_kw.onnx","vnnlib/oval21-benchmark_cifar_base_kw-img1900-eps0.03934640522875817.vnnlib",60,60,4.95,missing_result,2,"/data1/Kane/ACT/audit_results/abcrown25_supplemental_20260526/relusplitter/0085__oval21-benchmark_cifar_base_kw__oval21-benchmark_cifar_base_kw-img1900-eps0.03934640522875817.result","/data1/Kane/ACT/audit_results/abcrown25_supplemental_20260526/relusplitter/0085__oval21-benchmark_cifar_base_kw__oval21-benchmark_cifar_base_kw-img1900-eps0.03934640522875817.log"
86,"onnx/oval21-benchmark_cifar_base_kw_RSPLITTER_oval21-benchmark_cifar_base_kw-img1900-eps0.03934640522875817.onnx","vnnlib/oval21-benchmark_cifar_base_kw-img1900-eps0.03934640522875817.vnnlib",180,180,4.93,missing_result,2,"/data1/Kane/ACT/audit_results/abcrown25_supplemental_20260526/relusplitter/0086__oval21-benchmark_cifar_base_kw_RSPLITTER_oval21-benchmark_cifar_base_kw-img1900-eps0.03934640522875817__oval21-benchmark_cifar_base_kw-img1900-eps0.03934640522875817.result","/data1/Kane/ACT/audit_results/abcrown25_supplemental_20260526/relusplitter/0086__oval21-benchmark_cifar_base_kw_RSPLITTER_oval21-benchmark_cifar_base_kw-img1900-eps0.03934640522875817__oval21-benchmark_cifar_base_kw-img1900-eps0.03934640522875817.log"
87,"onnx/oval21-benchmark_cifar_base_kw.onnx","vnnlib/oval21-benchmark_cifar_base_kw-img395-eps0.003790849673202614.vnnlib",60,60,4.68,missing_result,2,"/data1/Kane/ACT/audit_results/abcrown25_supplemental_20260526/relusplitter/0087__oval21-benchmark_cifar_base_kw__oval21-benchmark_cifar_base_kw-img395-eps0.003790849673202614.result","/data1/Kane/ACT/audit_results/abcrown25_supplemental_20260526/relusplitter/0087__oval21-benchmark_cifar_base_kw__oval21-benchmark_cifar_base_kw-img395-eps0.003790849673202614.log"
88,"onnx/oval21-benchmark_cifar_base_kw_RSPLITTER_oval21-benchmark_cifar_base_kw-img395-eps0.003790849673202614.onnx","vnnlib/oval21-benchmark_cifar_base_kw-img395-eps0.003790849673202614.vnnlib",180,180,4.70,missing_result,2,"/data1/Kane/ACT/audit_results/abcrown25_supplemental_20260526/relusplitter/0088__oval21-benchmark_cifar_base_kw_RSPLITTER_oval21-benchmark_cifar_base_kw-img395-eps0.003790849673202614__oval21-benchmark_cifar_base_kw-img395-eps0.003790849673202614.result","/data1/Kane/ACT/audit_results/abcrown25_supplemental_20260526/relusplitter/0088__oval21-benchmark_cifar_base_kw_RSPLITTER_oval21-benchmark_cifar_base_kw-img395-eps0.003790849673202614__oval21-benchmark_cifar_base_kw-img395-eps0.003790849673202614.log"
89,"onnx/oval21-benchmark_cifar_base_kw.onnx","vnnlib/oval21-benchmark_cifar_base_kw-img6098-eps0.006666666666666666.vnnlib",60,60,5.00,missing_result,2,"/data1/Kane/ACT/audit_results/abcrown25_supplemental_20260526/relusplitter/0089__oval21-benchmark_cifar_base_kw__oval21-benchmark_cifar_base_kw-img6098-eps0.006666666666666666.result","/data1/Kane/ACT/audit_results/abcrown25_supplemental_20260526/relusplitter/0089__oval21-benchmark_cifar_base_kw__oval21-benchmark_cifar_base_kw-img6098-eps0.006666666666666666.log"
90,"onnx/oval21-benchmark_cifar_base_kw_RSPLITTER_oval21-benchmark_cifar_base_kw-img6098-eps0.006666666666666666.onnx","vnnlib/oval21-benchmark_cifar_base_kw-img6098-eps0.006666666666666666.vnnlib",180,180,5.13,missing_result,2,"/data1/Kane/ACT/audit_results/abcrown25_supplemental_20260526/relusplitter/0090__oval21-benchmark_cifar_base_kw_RSPLITTER_oval21-benchmark_cifar_base_kw-img6098-eps0.006666666666666666__oval21-benchmark_cifar_base_kw-img6098-eps0.006666666666666666.result","/data1/Kane/ACT/audit_results/abcrown25_supplemental_20260526/relusplitter/0090__oval21-benchmark_cifar_base_kw_RSPLITTER_oval21-benchmark_cifar_base_kw-img6098-eps0.006666666666666666__oval21-benchmark_cifar_base_kw-img6098-eps0.006666666666666666.log"
91,"onnx/oval21-benchmark_cifar_base_kw.onnx","vnnlib/oval21-benchmark_cifar_base_kw-img2153-eps0.04196078431372549.vnnlib",60,60,4.98,missing_result,2,"/data1/Kane/ACT/audit_results/abcrown25_supplemental_20260526/relusplitter/0091__oval21-benchmark_cifar_base_kw__oval21-benchmark_cifar_base_kw-img2153-eps0.04196078431372549.result","/data1/Kane/ACT/audit_results/abcrown25_supplemental_20260526/relusplitter/0091__oval21-benchmark_cifar_base_kw__oval21-benchmark_cifar_base_kw-img2153-eps0.04196078431372549.log"
92,"onnx/oval21-benchmark_cifar_base_kw_RSPLITTER_oval21-benchmark_cifar_base_kw-img2153-eps0.04196078431372549.onnx","vnnlib/oval21-benchmark_cifar_base_kw-img2153-eps0.04196078431372549.vnnlib",180,180,5.35,missing_result,2,"/data1/Kane/ACT/audit_results/abcrown25_supplemental_20260526/relusplitter/0092__oval21-benchmark_cifar_base_kw_RSPLITTER_oval21-benchmark_cifar_base_kw-img2153-eps0.04196078431372549__oval21-benchmark_cifar_base_kw-img2153-eps0.04196078431372549.result","/data1/Kane/ACT/audit_results/abcrown25_supplemental_20260526/relusplitter/0092__oval21-benchmark_cifar_base_kw_RSPLITTER_oval21-benchmark_cifar_base_kw-img2153-eps0.04196078431372549__oval21-benchmark_cifar_base_kw-img2153-eps0.04196078431372549.log"
93,"onnx/oval21-benchmark_cifar_base_kw.onnx","vnnlib/oval21-benchmark_cifar_base_kw-img1204-eps0.024967320261437907.vnnlib",60,60,6.58,missing_result,2,"/data1/Kane/ACT/audit_results/abcrown25_supplemental_20260526/relusplitter/0093__oval21-benchmark_cifar_base_kw__oval21-benchmark_cifar_base_kw-img1204-eps0.024967320261437907.result","/data1/Kane/ACT/audit_results/abcrown25_supplemental_20260526/relusplitter/0093__oval21-benchmark_cifar_base_kw__oval21-benchmark_cifar_base_kw-img1204-eps0.024967320261437907.log"
94,"onnx/oval21-benchmark_cifar_base_kw_RSPLITTER_oval21-benchmark_cifar_base_kw-img1204-eps0.024967320261437907.onnx","vnnlib/oval21-benchmark_cifar_base_kw-img1204-eps0.024967320261437907.vnnlib",180,180,7.75,missing_result,2,"/data1/Kane/ACT/audit_results/abcrown25_supplemental_20260526/relusplitter/0094__oval21-benchmark_cifar_base_kw_RSPLITTER_oval21-benchmark_cifar_base_kw-img1204-eps0.024967320261437907__oval21-benchmark_cifar_base_kw-img1204-eps0.024967320261437907.result","/data1/Kane/ACT/audit_results/abcrown25_supplemental_20260526/relusplitter/0094__oval21-benchmark_cifar_base_kw_RSPLITTER_oval21-benchmark_cifar_base_kw-img1204-eps0.024967320261437907__oval21-benchmark_cifar_base_kw-img1204-eps0.024967320261437907.log"
95,"onnx/oval21-benchmark_cifar_base_kw.onnx","vnnlib/oval21-benchmark_cifar_base_kw-img2341-eps0.049150326797385624.vnnlib",60,60,7.09,missing_result,2,"/data1/Kane/ACT/audit_results/abcrown25_supplemental_20260526/relusplitter/0095__oval21-benchmark_cifar_base_kw__oval21-benchmark_cifar_base_kw-img2341-eps0.049150326797385624.result","/data1/Kane/ACT/audit_results/abcrown25_supplemental_20260526/relusplitter/0095__oval21-benchmark_cifar_base_kw__oval21-benchmark_cifar_base_kw-img2341-eps0.049150326797385624.log"
96,"onnx/oval21-benchmark_cifar_base_kw_RSPLITTER_oval21-benchmark_cifar_base_kw-img2341-eps0.049150326797385624.onnx","vnnlib/oval21-benchmark_cifar_base_kw-img2341-eps0.049150326797385624.vnnlib",180,180,7.80,missing_result,2,"/data1/Kane/ACT/audit_results/abcrown25_supplemental_20260526/relusplitter/0096__oval21-benchmark_cifar_base_kw_RSPLITTER_oval21-benchmark_cifar_base_kw-img2341-eps0.049150326797385624__oval21-benchmark_cifar_base_kw-img2341-eps0.049150326797385624.result","/data1/Kane/ACT/audit_results/abcrown25_supplemental_20260526/relusplitter/0096__oval21-benchmark_cifar_base_kw_RSPLITTER_oval21-benchmark_cifar_base_kw-img2341-eps0.049150326797385624__oval21-benchmark_cifar_base_kw-img2341-eps0.049150326797385624.log"
97,"onnx/oval21-benchmark_cifar_base_kw.onnx","vnnlib/oval21-benchmark_cifar_base_kw-img8258-eps0.005620915032679739.vnnlib",60,60,9.62,missing_result,2,"/data1/Kane/ACT/audit_results/abcrown25_supplemental_20260526/relusplitter/0097__oval21-benchmark_cifar_base_kw__oval21-benchmark_cifar_base_kw-img8258-eps0.005620915032679739.result","/data1/Kane/ACT/audit_results/abcrown25_supplemental_20260526/relusplitter/0097__oval21-benchmark_cifar_base_kw__oval21-benchmark_cifar_base_kw-img8258-eps0.005620915032679739.log"
98,"onnx/oval21-benchmark_cifar_base_kw_RSPLITTER_oval21-benchmark_cifar_base_kw-img8258-eps0.005620915032679739.onnx","vnnlib/oval21-benchmark_cifar_base_kw-img8258-eps0.005620915032679739.vnnlib",180,180,7.55,missing_result,2,"/data1/Kane/ACT/audit_results/abcrown25_supplemental_20260526/relusplitter/0098__oval21-benchmark_cifar_base_kw_RSPLITTER_oval21-benchmark_cifar_base_kw-img8258-eps0.005620915032679739__oval21-benchmark_cifar_base_kw-img8258-eps0.005620915032679739.result","/data1/Kane/ACT/audit_results/abcrown25_supplemental_20260526/relusplitter/0098__oval21-benchmark_cifar_base_kw_RSPLITTER_oval21-benchmark_cifar_base_kw-img8258-eps0.005620915032679739__oval21-benchmark_cifar_base_kw-img8258-eps0.005620915032679739.log"
99,"onnx/oval21-benchmark_cifar_base_kw.onnx","vnnlib/oval21-benchmark_cifar_base_kw-img4386-eps0.011111111111111112.vnnlib",60,60,8.23,missing_result,2,"/data1/Kane/ACT/audit_results/abcrown25_supplemental_20260526/relusplitter/0099__oval21-benchmark_cifar_base_kw__oval21-benchmark_cifar_base_kw-img4386-eps0.011111111111111112.result","/data1/Kane/ACT/audit_results/abcrown25_supplemental_20260526/relusplitter/0099__oval21-benchmark_cifar_base_kw__oval21-benchmark_cifar_base_kw-img4386-eps0.011111111111111112.log"
100,"onnx/oval21-benchmark_cifar_base_kw_RSPLITTER_oval21-benchmark_cifar_base_kw-img4386-eps0.011111111111111112.onnx","vnnlib/oval21-benchmark_cifar_base_kw-img4386-eps0.011111111111111112.vnnlib",180,180,6.31,missing_result,2,"/data1/Kane/ACT/audit_results/abcrown25_supplemental_20260526/relusplitter/0100__oval21-benchmark_cifar_base_kw_RSPLITTER_oval21-benchmark_cifar_base_kw-img4386-eps0.011111111111111112__oval21-benchmark_cifar_base_kw-img4386-eps0.011111111111111112.result","/data1/Kane/ACT/audit_results/abcrown25_supplemental_20260526/relusplitter/0100__oval21-benchmark_cifar_base_kw_RSPLITTER_oval21-benchmark_cifar_base_kw-img4386-eps0.011111111111111112__oval21-benchmark_cifar_base_kw-img4386-eps0.011111111111111112.log"
101,"onnx/oval21-benchmark_cifar_deep_kw.onnx","vnnlib/oval21-benchmark_cifar_deep_kw-img3039-eps0.035686274509803925.vnnlib",60,60,9.42,missing_result,2,"/data1/Kane/ACT/audit_results/abcrown25_supplemental_20260526/relusplitter/0101__oval21-benchmark_cifar_deep_kw__oval21-benchmark_cifar_deep_kw-img3039-eps0.035686274509803925.result","/data1/Kane/ACT/audit_results/abcrown25_supplemental_20260526/relusplitter/0101__oval21-benchmark_cifar_deep_kw__oval21-benchmark_cifar_deep_kw-img3039-eps0.035686274509803925.log"
102,"onnx/oval21-benchmark_cifar_deep_kw_RSPLITTER_oval21-benchmark_cifar_deep_kw-img3039-eps0.035686274509803925.onnx","vnnlib/oval21-benchmark_cifar_deep_kw-img3039-eps0.035686274509803925.vnnlib",180,180,11.11,missing_result,2,"/data1/Kane/ACT/audit_results/abcrown25_supplemental_20260526/relusplitter/0102__oval21-benchmark_cifar_deep_kw_RSPLITTER_oval21-benchmark_cifar_deep_kw-img3039-eps0.035686274509803925__oval21-benchmark_cifar_deep_kw-img3039-eps0.035686274509803925.result","/data1/Kane/ACT/audit_results/abcrown25_supplemental_20260526/relusplitter/0102__oval21-benchmark_cifar_deep_kw_RSPLITTER_oval21-benchmark_cifar_deep_kw-img3039-eps0.035686274509803925__oval21-benchmark_cifar_deep_kw-img3039-eps0.035686274509803925.log"
103,"onnx/oval21-benchmark_cifar_deep_kw.onnx","vnnlib/oval21-benchmark_cifar_deep_kw-img6995-eps0.00954248366013072.vnnlib",60,60,8.36,missing_result,2,"/data1/Kane/ACT/audit_results/abcrown25_supplemental_20260526/relusplitter/0103__oval21-benchmark_cifar_deep_kw__oval21-benchmark_cifar_deep_kw-img6995-eps0.00954248366013072.result","/data1/Kane/ACT/audit_results/abcrown25_supplemental_20260526/relusplitter/0103__oval21-benchmark_cifar_deep_kw__oval21-benchmark_cifar_deep_kw-img6995-eps0.00954248366013072.log"
104,"onnx/oval21-benchmark_cifar_deep_kw_RSPLITTER_oval21-benchmark_cifar_deep_kw-img6995-eps0.00954248366013072.onnx","vnnlib/oval21-benchmark_cifar_deep_kw-img6995-eps0.00954248366013072.vnnlib",180,180,11.20,missing_result,2,"/data1/Kane/ACT/audit_results/abcrown25_supplemental_20260526/relusplitter/0104__oval21-benchmark_cifar_deep_kw_RSPLITTER_oval21-benchmark_cifar_deep_kw-img6995-eps0.00954248366013072__oval21-benchmark_cifar_deep_kw-img6995-eps0.00954248366013072.result","/data1/Kane/ACT/audit_results/abcrown25_supplemental_20260526/relusplitter/0104__oval21-benchmark_cifar_deep_kw_RSPLITTER_oval21-benchmark_cifar_deep_kw-img6995-eps0.00954248366013072__oval21-benchmark_cifar_deep_kw-img6995-eps0.00954248366013072.log"
105,"onnx/oval21-benchmark_cifar_deep_kw.onnx","vnnlib/oval21-benchmark_cifar_deep_kw-img7358-eps0.03869281045751634.vnnlib",60,60,6.63,missing_result,2,"/data1/Kane/ACT/audit_results/abcrown25_supplemental_20260526/relusplitter/0105__oval21-benchmark_cifar_deep_kw__oval21-benchmark_cifar_deep_kw-img7358-eps0.03869281045751634.result","/data1/Kane/ACT/audit_results/abcrown25_supplemental_20260526/relusplitter/0105__oval21-benchmark_cifar_deep_kw__oval21-benchmark_cifar_deep_kw-img7358-eps0.03869281045751634.log"
106,"onnx/oval21-benchmark_cifar_deep_kw_RSPLITTER_oval21-benchmark_cifar_deep_kw-img7358-eps0.03869281045751634.onnx","vnnlib/oval21-benchmark_cifar_deep_kw-img7358-eps0.03869281045751634.vnnlib",180,180,9.65,missing_result,2,"/data1/Kane/ACT/audit_results/abcrown25_supplemental_20260526/relusplitter/0106__oval21-benchmark_cifar_deep_kw_RSPLITTER_oval21-benchmark_cifar_deep_kw-img7358-eps0.03869281045751634__oval21-benchmark_cifar_deep_kw-img7358-eps0.03869281045751634.result","/data1/Kane/ACT/audit_results/abcrown25_supplemental_20260526/relusplitter/0106__oval21-benchmark_cifar_deep_kw_RSPLITTER_oval21-benchmark_cifar_deep_kw-img7358-eps0.03869281045751634__oval21-benchmark_cifar_deep_kw-img7358-eps0.03869281045751634.log"
107,"onnx/oval21-benchmark_cifar_deep_kw.onnx","vnnlib/oval21-benchmark_cifar_deep_kw-img4387-eps0.04705882352941177.vnnlib",60,60,9.91,missing_result,2,"/data1/Kane/ACT/audit_results/abcrown25_supplemental_20260526/relusplitter/0107__oval21-benchmark_cifar_deep_kw__oval21-benchmark_cifar_deep_kw-img4387-eps0.04705882352941177.result","/data1/Kane/ACT/audit_results/abcrown25_supplemental_20260526/relusplitter/0107__oval21-benchmark_cifar_deep_kw__oval21-benchmark_cifar_deep_kw-img4387-eps0.04705882352941177.log"
108,"onnx/oval21-benchmark_cifar_deep_kw_RSPLITTER_oval21-benchmark_cifar_deep_kw-img4387-eps0.04705882352941177.onnx","vnnlib/oval21-benchmark_cifar_deep_kw-img4387-eps0.04705882352941177.vnnlib",180,180,13.31,missing_result,2,"/data1/Kane/ACT/audit_results/abcrown25_supplemental_20260526/relusplitter/0108__oval21-benchmark_cifar_deep_kw_RSPLITTER_oval21-benchmark_cifar_deep_kw-img4387-eps0.04705882352941177__oval21-benchmark_cifar_deep_kw-img4387-eps0.04705882352941177.result","/data1/Kane/ACT/audit_results/abcrown25_supplemental_20260526/relusplitter/0108__oval21-benchmark_cifar_deep_kw_RSPLITTER_oval21-benchmark_cifar_deep_kw-img4387-eps0.04705882352941177__oval21-benchmark_cifar_deep_kw-img4387-eps0.04705882352941177.log"
109,"onnx/oval21-benchmark_cifar_deep_kw.onnx","vnnlib/oval21-benchmark_cifar_deep_kw-img2920-eps0.014248366013071896.vnnlib",60,60,10.10,missing_result,2,"/data1/Kane/ACT/audit_results/abcrown25_supplemental_20260526/relusplitter/0109__oval21-benchmark_cifar_deep_kw__oval21-benchmark_cifar_deep_kw-img2920-eps0.014248366013071896.result","/data1/Kane/ACT/audit_results/abcrown25_supplemental_20260526/relusplitter/0109__oval21-benchmark_cifar_deep_kw__oval21-benchmark_cifar_deep_kw-img2920-eps0.014248366013071896.log"
110,"onnx/oval21-benchmark_cifar_deep_kw_RSPLITTER_oval21-benchmark_cifar_deep_kw-img2920-eps0.014248366013071896.onnx","vnnlib/oval21-benchmark_cifar_deep_kw-img2920-eps0.014248366013071896.vnnlib",180,180,8.02,missing_result,2,"/data1/Kane/ACT/audit_results/abcrown25_supplemental_20260526/relusplitter/0110__oval21-benchmark_cifar_deep_kw_RSPLITTER_oval21-benchmark_cifar_deep_kw-img2920-eps0.014248366013071896__oval21-benchmark_cifar_deep_kw-img2920-eps0.014248366013071896.result","/data1/Kane/ACT/audit_results/abcrown25_supplemental_20260526/relusplitter/0110__oval21-benchmark_cifar_deep_kw_RSPLITTER_oval21-benchmark_cifar_deep_kw-img2920-eps0.014248366013071896__oval21-benchmark_cifar_deep_kw-img2920-eps0.014248366013071896.log"
111,"onnx/oval21-benchmark_cifar_deep_kw.onnx","vnnlib/oval21-benchmark_cifar_deep_kw-img4740-eps0.01647058823529412.vnnlib",60,60,9.71,missing_result,2,"/data1/Kane/ACT/audit_results/abcrown25_supplemental_20260526/relusplitter/0111__oval21-benchmark_cifar_deep_kw__oval21-benchmark_cifar_deep_kw-img4740-eps0.01647058823529412.result","/data1/Kane/ACT/audit_results/abcrown25_supplemental_20260526/relusplitter/0111__oval21-benchmark_cifar_deep_kw__oval21-benchmark_cifar_deep_kw-img4740-eps0.01647058823529412.log"
112,"onnx/oval21-benchmark_cifar_deep_kw_RSPLITTER_oval21-benchmark_cifar_deep_kw-img4740-eps0.01647058823529412.onnx","vnnlib/oval21-benchmark_cifar_deep_kw-img4740-eps0.01647058823529412.vnnlib",180,180,8.50,missing_result,2,"/data1/Kane/ACT/audit_results/abcrown25_supplemental_20260526/relusplitter/0112__oval21-benchmark_cifar_deep_kw_RSPLITTER_oval21-benchmark_cifar_deep_kw-img4740-eps0.01647058823529412__oval21-benchmark_cifar_deep_kw-img4740-eps0.01647058823529412.result","/data1/Kane/ACT/audit_results/abcrown25_supplemental_20260526/relusplitter/0112__oval21-benchmark_cifar_deep_kw_RSPLITTER_oval21-benchmark_cifar_deep_kw-img4740-eps0.01647058823529412__oval21-benchmark_cifar_deep_kw-img4740-eps0.01647058823529412.log"
113,"onnx/oval21-benchmark_cifar_deep_kw.onnx","vnnlib/oval21-benchmark_cifar_deep_kw-img917-eps0.04235294117647059.vnnlib",60,60,11.61,missing_result,2,"/data1/Kane/ACT/audit_results/abcrown25_supplemental_20260526/relusplitter/0113__oval21-benchmark_cifar_deep_kw__oval21-benchmark_cifar_deep_kw-img917-eps0.04235294117647059.result","/data1/Kane/ACT/audit_results/abcrown25_supplemental_20260526/relusplitter/0113__oval21-benchmark_cifar_deep_kw__oval21-benchmark_cifar_deep_kw-img917-eps0.04235294117647059.log"
114,"onnx/oval21-benchmark_cifar_deep_kw_RSPLITTER_oval21-benchmark_cifar_deep_kw-img917-eps0.04235294117647059.onnx","vnnlib/oval21-benchmark_cifar_deep_kw-img917-eps0.04235294117647059.vnnlib",180,180,6.62,missing_result,2,"/data1/Kane/ACT/audit_results/abcrown25_supplemental_20260526/relusplitter/0114__oval21-benchmark_cifar_deep_kw_RSPLITTER_oval21-benchmark_cifar_deep_kw-img917-eps0.04235294117647059__oval21-benchmark_cifar_deep_kw-img917-eps0.04235294117647059.result","/data1/Kane/ACT/audit_results/abcrown25_supplemental_20260526/relusplitter/0114__oval21-benchmark_cifar_deep_kw_RSPLITTER_oval21-benchmark_cifar_deep_kw-img917-eps0.04235294117647059__oval21-benchmark_cifar_deep_kw-img917-eps0.04235294117647059.log"
115,"onnx/oval21-benchmark_cifar_deep_kw.onnx","vnnlib/oval21-benchmark_cifar_deep_kw-img5988-eps0.037516339869281046.vnnlib",60,60,8.60,missing_result,2,"/data1/Kane/ACT/audit_results/abcrown25_supplemental_20260526/relusplitter/0115__oval21-benchmark_cifar_deep_kw__oval21-benchmark_cifar_deep_kw-img5988-eps0.037516339869281046.result","/data1/Kane/ACT/audit_results/abcrown25_supplemental_20260526/relusplitter/0115__oval21-benchmark_cifar_deep_kw__oval21-benchmark_cifar_deep_kw-img5988-eps0.037516339869281046.log"
116,"onnx/oval21-benchmark_cifar_deep_kw_RSPLITTER_oval21-benchmark_cifar_deep_kw-img5988-eps0.037516339869281046.onnx","vnnlib/oval21-benchmark_cifar_deep_kw-img5988-eps0.037516339869281046.vnnlib",180,180,8.18,missing_result,2,"/data1/Kane/ACT/audit_results/abcrown25_supplemental_20260526/relusplitter/0116__oval21-benchmark_cifar_deep_kw_RSPLITTER_oval21-benchmark_cifar_deep_kw-img5988-eps0.037516339869281046__oval21-benchmark_cifar_deep_kw-img5988-eps0.037516339869281046.result","/data1/Kane/ACT/audit_results/abcrown25_supplemental_20260526/relusplitter/0116__oval21-benchmark_cifar_deep_kw_RSPLITTER_oval21-benchmark_cifar_deep_kw-img5988-eps0.037516339869281046__oval21-benchmark_cifar_deep_kw-img5988-eps0.037516339869281046.log"
117,"onnx/oval21-benchmark_cifar_deep_kw.onnx","vnnlib/oval21-benchmark_cifar_deep_kw-img6254-eps0.013594771241830067.vnnlib",60,60,6.48,missing_result,2,"/data1/Kane/ACT/audit_results/abcrown25_supplemental_20260526/relusplitter/0117__oval21-benchmark_cifar_deep_kw__oval21-benchmark_cifar_deep_kw-img6254-eps0.013594771241830067.result","/data1/Kane/ACT/audit_results/abcrown25_supplemental_20260526/relusplitter/0117__oval21-benchmark_cifar_deep_kw__oval21-benchmark_cifar_deep_kw-img6254-eps0.013594771241830067.log"
118,"onnx/oval21-benchmark_cifar_deep_kw_RSPLITTER_oval21-benchmark_cifar_deep_kw-img6254-eps0.013594771241830067.onnx","vnnlib/oval21-benchmark_cifar_deep_kw-img6254-eps0.013594771241830067.vnnlib",180,180,9.00,missing_result,2,"/data1/Kane/ACT/audit_results/abcrown25_supplemental_20260526/relusplitter/0118__oval21-benchmark_cifar_deep_kw_RSPLITTER_oval21-benchmark_cifar_deep_kw-img6254-eps0.013594771241830067__oval21-benchmark_cifar_deep_kw-img6254-eps0.013594771241830067.result","/data1/Kane/ACT/audit_results/abcrown25_supplemental_20260526/relusplitter/0118__oval21-benchmark_cifar_deep_kw_RSPLITTER_oval21-benchmark_cifar_deep_kw-img6254-eps0.013594771241830067__oval21-benchmark_cifar_deep_kw-img6254-eps0.013594771241830067.log"
119,"onnx/oval21-benchmark_cifar_deep_kw.onnx","vnnlib/oval21-benchmark_cifar_deep_kw-img3782-eps0.053202614379084974.vnnlib",60,60,9.79,missing_result,2,"/data1/Kane/ACT/audit_results/abcrown25_supplemental_20260526/relusplitter/0119__oval21-benchmark_cifar_deep_kw__oval21-benchmark_cifar_deep_kw-img3782-eps0.053202614379084974.result","/data1/Kane/ACT/audit_results/abcrown25_supplemental_20260526/relusplitter/0119__oval21-benchmark_cifar_deep_kw__oval21-benchmark_cifar_deep_kw-img3782-eps0.053202614379084974.log"
120,"onnx/oval21-benchmark_cifar_deep_kw_RSPLITTER_oval21-benchmark_cifar_deep_kw-img3782-eps0.053202614379084974.onnx","vnnlib/oval21-benchmark_cifar_deep_kw-img3782-eps0.053202614379084974.vnnlib",180,180,11.10,missing_result,2,"/data1/Kane/ACT/audit_results/abcrown25_supplemental_20260526/relusplitter/0120__oval21-benchmark_cifar_deep_kw_RSPLITTER_oval21-benchmark_cifar_deep_kw-img3782-eps0.053202614379084974__oval21-benchmark_cifar_deep_kw-img3782-eps0.053202614379084974.result","/data1/Kane/ACT/audit_results/abcrown25_supplemental_20260526/relusplitter/0120__oval21-benchmark_cifar_deep_kw_RSPLITTER_oval21-benchmark_cifar_deep_kw-img3782-eps0.053202614379084974__oval21-benchmark_cifar_deep_kw-img3782-eps0.053202614379084974.log"
121,"onnx/oval21-benchmark_cifar_wide_kw.onnx","vnnlib/oval21-benchmark_cifar_wide_kw-img4351-eps0.03633986928104575.vnnlib",60,60,9.55,missing_result,2,"/data1/Kane/ACT/audit_results/abcrown25_supplemental_20260526/relusplitter/0121__oval21-benchmark_cifar_wide_kw__oval21-benchmark_cifar_wide_kw-img4351-eps0.03633986928104575.result","/data1/Kane/ACT/audit_results/abcrown25_supplemental_20260526/relusplitter/0121__oval21-benchmark_cifar_wide_kw__oval21-benchmark_cifar_wide_kw-img4351-eps0.03633986928104575.log"
122,"onnx/oval21-benchmark_cifar_wide_kw_RSPLITTER_oval21-benchmark_cifar_wide_kw-img4351-eps0.03633986928104575.onnx","vnnlib/oval21-benchmark_cifar_wide_kw-img4351-eps0.03633986928104575.vnnlib",180,180,8.22,missing_result,2,"/data1/Kane/ACT/audit_results/abcrown25_supplemental_20260526/relusplitter/0122__oval21-benchmark_cifar_wide_kw_RSPLITTER_oval21-benchmark_cifar_wide_kw-img4351-eps0.03633986928104575__oval21-benchmark_cifar_wide_kw-img4351-eps0.03633986928104575.result","/data1/Kane/ACT/audit_results/abcrown25_supplemental_20260526/relusplitter/0122__oval21-benchmark_cifar_wide_kw_RSPLITTER_oval21-benchmark_cifar_wide_kw-img4351-eps0.03633986928104575__oval21-benchmark_cifar_wide_kw-img4351-eps0.03633986928104575.log"
123,"onnx/oval21-benchmark_cifar_wide_kw.onnx","vnnlib/oval21-benchmark_cifar_wide_kw-img7814-eps0.01738562091503268.vnnlib",60,60,10.21,missing_result,2,"/data1/Kane/ACT/audit_results/abcrown25_supplemental_20260526/relusplitter/0123__oval21-benchmark_cifar_wide_kw__oval21-benchmark_cifar_wide_kw-img7814-eps0.01738562091503268.result","/data1/Kane/ACT/audit_results/abcrown25_supplemental_20260526/relusplitter/0123__oval21-benchmark_cifar_wide_kw__oval21-benchmark_cifar_wide_kw-img7814-eps0.01738562091503268.log"
124,"onnx/oval21-benchmark_cifar_wide_kw_RSPLITTER_oval21-benchmark_cifar_wide_kw-img7814-eps0.01738562091503268.onnx","vnnlib/oval21-benchmark_cifar_wide_kw-img7814-eps0.01738562091503268.vnnlib",180,180,9.04,missing_result,2,"/data1/Kane/ACT/audit_results/abcrown25_supplemental_20260526/relusplitter/0124__oval21-benchmark_cifar_wide_kw_RSPLITTER_oval21-benchmark_cifar_wide_kw-img7814-eps0.01738562091503268__oval21-benchmark_cifar_wide_kw-img7814-eps0.01738562091503268.result","/data1/Kane/ACT/audit_results/abcrown25_supplemental_20260526/relusplitter/0124__oval21-benchmark_cifar_wide_kw_RSPLITTER_oval21-benchmark_cifar_wide_kw-img7814-eps0.01738562091503268__oval21-benchmark_cifar_wide_kw-img7814-eps0.01738562091503268.log"
125,"onnx/oval21-benchmark_cifar_wide_kw.onnx","vnnlib/oval21-benchmark_cifar_wide_kw-img2440-eps0.010588235294117648.vnnlib",60,60,6.80,missing_result,2,"/data1/Kane/ACT/audit_results/abcrown25_supplemental_20260526/relusplitter/0125__oval21-benchmark_cifar_wide_kw__oval21-benchmark_cifar_wide_kw-img2440-eps0.010588235294117648.result","/data1/Kane/ACT/audit_results/abcrown25_supplemental_20260526/relusplitter/0125__oval21-benchmark_cifar_wide_kw__oval21-benchmark_cifar_wide_kw-img2440-eps0.010588235294117648.log"
126,"onnx/oval21-benchmark_cifar_wide_kw_RSPLITTER_oval21-benchmark_cifar_wide_kw-img2440-eps0.010588235294117648.onnx","vnnlib/oval21-benchmark_cifar_wide_kw-img2440-eps0.010588235294117648.vnnlib",180,180,8.51,missing_result,2,"/data1/Kane/ACT/audit_results/abcrown25_supplemental_20260526/relusplitter/0126__oval21-benchmark_cifar_wide_kw_RSPLITTER_oval21-benchmark_cifar_wide_kw-img2440-eps0.010588235294117648__oval21-benchmark_cifar_wide_kw-img2440-eps0.010588235294117648.result","/data1/Kane/ACT/audit_results/abcrown25_supplemental_20260526/relusplitter/0126__oval21-benchmark_cifar_wide_kw_RSPLITTER_oval21-benchmark_cifar_wide_kw-img2440-eps0.010588235294117648__oval21-benchmark_cifar_wide_kw-img2440-eps0.010588235294117648.log"
127,"onnx/oval21-benchmark_cifar_wide_kw.onnx","vnnlib/oval21-benchmark_cifar_wide_kw-img6947-eps0.019084967320261437.vnnlib",60,60,6.54,missing_result,2,"/data1/Kane/ACT/audit_results/abcrown25_supplemental_20260526/relusplitter/0127__oval21-benchmark_cifar_wide_kw__oval21-benchmark_cifar_wide_kw-img6947-eps0.019084967320261437.result","/data1/Kane/ACT/audit_results/abcrown25_supplemental_20260526/relusplitter/0127__oval21-benchmark_cifar_wide_kw__oval21-benchmark_cifar_wide_kw-img6947-eps0.019084967320261437.log"
128,"onnx/oval21-benchmark_cifar_wide_kw_RSPLITTER_oval21-benchmark_cifar_wide_kw-img6947-eps0.019084967320261437.onnx","vnnlib/oval21-benchmark_cifar_wide_kw-img6947-eps0.019084967320261437.vnnlib",180,180,9.08,missing_result,2,"/data1/Kane/ACT/audit_results/abcrown25_supplemental_20260526/relusplitter/0128__oval21-benchmark_cifar_wide_kw_RSPLITTER_oval21-benchmark_cifar_wide_kw-img6947-eps0.019084967320261437__oval21-benchmark_cifar_wide_kw-img6947-eps0.019084967320261437.result","/data1/Kane/ACT/audit_results/abcrown25_supplemental_20260526/relusplitter/0128__oval21-benchmark_cifar_wide_kw_RSPLITTER_oval21-benchmark_cifar_wide_kw-img6947-eps0.019084967320261437__oval21-benchmark_cifar_wide_kw-img6947-eps0.019084967320261437.log"
129,"onnx/oval21-benchmark_cifar_wide_kw.onnx","vnnlib/oval21-benchmark_cifar_wide_kw-img4760-eps0.0134640522875817.vnnlib",60,60,6.36,missing_result,2,"/data1/Kane/ACT/audit_results/abcrown25_supplemental_20260526/relusplitter/0129__oval21-benchmark_cifar_wide_kw__oval21-benchmark_cifar_wide_kw-img4760-eps0.0134640522875817.result","/data1/Kane/ACT/audit_results/abcrown25_supplemental_20260526/relusplitter/0129__oval21-benchmark_cifar_wide_kw__oval21-benchmark_cifar_wide_kw-img4760-eps0.0134640522875817.log"
130,"onnx/oval21-benchmark_cifar_wide_kw_RSPLITTER_oval21-benchmark_cifar_wide_kw-img4760-eps0.0134640522875817.onnx","vnnlib/oval21-benchmark_cifar_wide_kw-img4760-eps0.0134640522875817.vnnlib",180,180,5.50,missing_result,2,"/data1/Kane/ACT/audit_results/abcrown25_supplemental_20260526/relusplitter/0130__oval21-benchmark_cifar_wide_kw_RSPLITTER_oval21-benchmark_cifar_wide_kw-img4760-eps0.0134640522875817__oval21-benchmark_cifar_wide_kw-img4760-eps0.0134640522875817.result","/data1/Kane/ACT/audit_results/abcrown25_supplemental_20260526/relusplitter/0130__oval21-benchmark_cifar_wide_kw_RSPLITTER_oval21-benchmark_cifar_wide_kw-img4760-eps0.0134640522875817__oval21-benchmark_cifar_wide_kw-img4760-eps0.0134640522875817.log"
131,"onnx/oval21-benchmark_cifar_wide_kw.onnx","vnnlib/oval21-benchmark_cifar_wide_kw-img4409-eps0.021307189542483663.vnnlib",60,60,6.71,missing_result,2,"/data1/Kane/ACT/audit_results/abcrown25_supplemental_20260526/relusplitter/0131__oval21-benchmark_cifar_wide_kw__oval21-benchmark_cifar_wide_kw-img4409-eps0.021307189542483663.result","/data1/Kane/ACT/audit_results/abcrown25_supplemental_20260526/relusplitter/0131__oval21-benchmark_cifar_wide_kw__oval21-benchmark_cifar_wide_kw-img4409-eps0.021307189542483663.log"
132,"onnx/oval21-benchmark_cifar_wide_kw_RSPLITTER_oval21-benchmark_cifar_wide_kw-img4409-eps0.021307189542483663.onnx","vnnlib/oval21-benchmark_cifar_wide_kw-img4409-eps0.021307189542483663.vnnlib",180,180,8.16,missing_result,2,"/data1/Kane/ACT/audit_results/abcrown25_supplemental_20260526/relusplitter/0132__oval21-benchmark_cifar_wide_kw_RSPLITTER_oval21-benchmark_cifar_wide_kw-img4409-eps0.021307189542483663__oval21-benchmark_cifar_wide_kw-img4409-eps0.021307189542483663.result","/data1/Kane/ACT/audit_results/abcrown25_supplemental_20260526/relusplitter/0132__oval21-benchmark_cifar_wide_kw_RSPLITTER_oval21-benchmark_cifar_wide_kw-img4409-eps0.021307189542483663__oval21-benchmark_cifar_wide_kw-img4409-eps0.021307189542483663.log"
133,"onnx/oval21-benchmark_cifar_wide_kw.onnx","vnnlib/oval21-benchmark_cifar_wide_kw-img773-eps0.0026143790849673205.vnnlib",60,60,6.12,missing_result,2,"/data1/Kane/ACT/audit_results/abcrown25_supplemental_20260526/relusplitter/0133__oval21-benchmark_cifar_wide_kw__oval21-benchmark_cifar_wide_kw-img773-eps0.0026143790849673205.result","/data1/Kane/ACT/audit_results/abcrown25_supplemental_20260526/relusplitter/0133__oval21-benchmark_cifar_wide_kw__oval21-benchmark_cifar_wide_kw-img773-eps0.0026143790849673205.log"
134,"onnx/oval21-benchmark_cifar_wide_kw_RSPLITTER_oval21-benchmark_cifar_wide_kw-img773-eps0.0026143790849673205.onnx","vnnlib/oval21-benchmark_cifar_wide_kw-img773-eps0.0026143790849673205.vnnlib",180,180,7.39,missing_result,2,"/data1/Kane/ACT/audit_results/abcrown25_supplemental_20260526/relusplitter/0134__oval21-benchmark_cifar_wide_kw_RSPLITTER_oval21-benchmark_cifar_wide_kw-img773-eps0.0026143790849673205__oval21-benchmark_cifar_wide_kw-img773-eps0.0026143790849673205.result","/data1/Kane/ACT/audit_results/abcrown25_supplemental_20260526/relusplitter/0134__oval21-benchmark_cifar_wide_kw_RSPLITTER_oval21-benchmark_cifar_wide_kw-img773-eps0.0026143790849673205__oval21-benchmark_cifar_wide_kw-img773-eps0.0026143790849673205.log"
135,"onnx/oval21-benchmark_cifar_wide_kw.onnx","vnnlib/oval21-benchmark_cifar_wide_kw-img7176-eps0.004183006535947713.vnnlib",60,60,7.05,missing_result,2,"/data1/Kane/ACT/audit_results/abcrown25_supplemental_20260526/relusplitter/0135__oval21-benchmark_cifar_wide_kw__oval21-benchmark_cifar_wide_kw-img7176-eps0.004183006535947713.result","/data1/Kane/ACT/audit_results/abcrown25_supplemental_20260526/relusplitter/0135__oval21-benchmark_cifar_wide_kw__oval21-benchmark_cifar_wide_kw-img7176-eps0.004183006535947713.log"
136,"onnx/oval21-benchmark_cifar_wide_kw_RSPLITTER_oval21-benchmark_cifar_wide_kw-img7176-eps0.004183006535947713.onnx","vnnlib/oval21-benchmark_cifar_wide_kw-img7176-eps0.004183006535947713.vnnlib",180,180,8.38,missing_result,2,"/data1/Kane/ACT/audit_results/abcrown25_supplemental_20260526/relusplitter/0136__oval21-benchmark_cifar_wide_kw_RSPLITTER_oval21-benchmark_cifar_wide_kw-img7176-eps0.004183006535947713__oval21-benchmark_cifar_wide_kw-img7176-eps0.004183006535947713.result","/data1/Kane/ACT/audit_results/abcrown25_supplemental_20260526/relusplitter/0136__oval21-benchmark_cifar_wide_kw_RSPLITTER_oval21-benchmark_cifar_wide_kw-img7176-eps0.004183006535947713__oval21-benchmark_cifar_wide_kw-img7176-eps0.004183006535947713.log"
137,"onnx/oval21-benchmark_cifar_wide_kw.onnx","vnnlib/oval21-benchmark_cifar_wide_kw-img4279-eps0.02143790849673203.vnnlib",60,60,6.74,missing_result,2,"/data1/Kane/ACT/audit_results/abcrown25_supplemental_20260526/relusplitter/0137__oval21-benchmark_cifar_wide_kw__oval21-benchmark_cifar_wide_kw-img4279-eps0.02143790849673203.result","/data1/Kane/ACT/audit_results/abcrown25_supplemental_20260526/relusplitter/0137__oval21-benchmark_cifar_wide_kw__oval21-benchmark_cifar_wide_kw-img4279-eps0.02143790849673203.log"
138,"onnx/oval21-benchmark_cifar_wide_kw_RSPLITTER_oval21-benchmark_cifar_wide_kw-img4279-eps0.02143790849673203.onnx","vnnlib/oval21-benchmark_cifar_wide_kw-img4279-eps0.02143790849673203.vnnlib",180,180,8.55,missing_result,2,"/data1/Kane/ACT/audit_results/abcrown25_supplemental_20260526/relusplitter/0138__oval21-benchmark_cifar_wide_kw_RSPLITTER_oval21-benchmark_cifar_wide_kw-img4279-eps0.02143790849673203__oval21-benchmark_cifar_wide_kw-img4279-eps0.02143790849673203.result","/data1/Kane/ACT/audit_results/abcrown25_supplemental_20260526/relusplitter/0138__oval21-benchmark_cifar_wide_kw_RSPLITTER_oval21-benchmark_cifar_wide_kw-img4279-eps0.02143790849673203__oval21-benchmark_cifar_wide_kw-img4279-eps0.02143790849673203.log"
139,"onnx/oval21-benchmark_cifar_wide_kw.onnx","vnnlib/oval21-benchmark_cifar_wide_kw-img7442-eps0.006666666666666667.vnnlib",60,60,6.26,missing_result,2,"/data1/Kane/ACT/audit_results/abcrown25_supplemental_20260526/relusplitter/0139__oval21-benchmark_cifar_wide_kw__oval21-benchmark_cifar_wide_kw-img7442-eps0.006666666666666667.result","/data1/Kane/ACT/audit_results/abcrown25_supplemental_20260526/relusplitter/0139__oval21-benchmark_cifar_wide_kw__oval21-benchmark_cifar_wide_kw-img7442-eps0.006666666666666667.log"
140,"onnx/oval21-benchmark_cifar_wide_kw_RSPLITTER_oval21-benchmark_cifar_wide_kw-img7442-eps0.006666666666666667.onnx","vnnlib/oval21-benchmark_cifar_wide_kw-img7442-eps0.006666666666666667.vnnlib",180,180,8.21,missing_result,2,"/data1/Kane/ACT/audit_results/abcrown25_supplemental_20260526/relusplitter/0140__oval21-benchmark_cifar_wide_kw_RSPLITTER_oval21-benchmark_cifar_wide_kw-img7442-eps0.006666666666666667__oval21-benchmark_cifar_wide_kw-img7442-eps0.006666666666666667.result","/data1/Kane/ACT/audit_results/abcrown25_supplemental_20260526/relusplitter/0140__oval21-benchmark_cifar_wide_kw_RSPLITTER_oval21-benchmark_cifar_wide_kw-img7442-eps0.006666666666666667__oval21-benchmark_cifar_wide_kw-img7442-eps0.006666666666666667.log"
