idx,onnx,vnnlib,csv_timeout,used_timeout,wall_sec,verdict_raw,verdict,exit_code,result_file,log_file
1,"onnx/CIFAR100_resnet_medium.onnx","vnnlib/CIFAR100_resnet_medium_prop_idx_7641_sidx_1041_eps_0.0039.vnnlib",100,100,13.46,"unsupported_strict","unsupported_strict",0,"/data1/Kane/ACT/audit_results/nnv_strict_20260527/cifar100_2024/0001__CIFAR100_resnet_medium__CIFAR100_resnet_medium_prop_idx_7641_sidx_1041_eps_0.0039.result","/data1/Kane/ACT/audit_results/nnv_strict_20260527/cifar100_2024/0001__CIFAR100_resnet_medium__CIFAR100_resnet_medium_prop_idx_7641_sidx_1041_eps_0.0039.log"
2,"onnx/CIFAR100_resnet_medium.onnx","vnnlib/CIFAR100_resnet_medium_prop_idx_2132_sidx_6868_eps_0.0039.vnnlib",100,100,13.26,"unsupported_strict","unsupported_strict",0,"/data1/Kane/ACT/audit_results/nnv_strict_20260527/cifar100_2024/0002__CIFAR100_resnet_medium__CIFAR100_resnet_medium_prop_idx_2132_sidx_6868_eps_0.0039.result","/data1/Kane/ACT/audit_results/nnv_strict_20260527/cifar100_2024/0002__CIFAR100_resnet_medium__CIFAR100_resnet_medium_prop_idx_2132_sidx_6868_eps_0.0039.log"
3,"onnx/CIFAR100_resnet_medium.onnx","vnnlib/CIFAR100_resnet_medium_prop_idx_6232_sidx_3020_eps_0.0039.vnnlib",100,100,13.24,"unsupported_strict","unsupported_strict",0,"/data1/Kane/ACT/audit_results/nnv_strict_20260527/cifar100_2024/0003__CIFAR100_resnet_medium__CIFAR100_resnet_medium_prop_idx_6232_sidx_3020_eps_0.0039.result","/data1/Kane/ACT/audit_results/nnv_strict_20260527/cifar100_2024/0003__CIFAR100_resnet_medium__CIFAR100_resnet_medium_prop_idx_6232_sidx_3020_eps_0.0039.log"
4,"onnx/CIFAR100_resnet_medium.onnx","vnnlib/CIFAR100_resnet_medium_prop_idx_9694_sidx_2810_eps_0.0039.vnnlib",100,100,84.36,"unsupported_strict","unsupported_strict",0,"/data1/Kane/ACT/audit_results/nnv_strict_20260527/cifar100_2024/0004__CIFAR100_resnet_medium__CIFAR100_resnet_medium_prop_idx_9694_sidx_2810_eps_0.0039.result","/data1/Kane/ACT/audit_results/nnv_strict_20260527/cifar100_2024/0004__CIFAR100_resnet_medium__CIFAR100_resnet_medium_prop_idx_9694_sidx_2810_eps_0.0039.log"
5,"onnx/CIFAR100_resnet_medium.onnx","vnnlib/CIFAR100_resnet_medium_prop_idx_4760_sidx_4651_eps_0.0039.vnnlib",100,100,13.43,"unsupported_strict","unsupported_strict",0,"/data1/Kane/ACT/audit_results/nnv_strict_20260527/cifar100_2024/0005__CIFAR100_resnet_medium__CIFAR100_resnet_medium_prop_idx_4760_sidx_4651_eps_0.0039.result","/data1/Kane/ACT/audit_results/nnv_strict_20260527/cifar100_2024/0005__CIFAR100_resnet_medium__CIFAR100_resnet_medium_prop_idx_4760_sidx_4651_eps_0.0039.log"
6,"onnx/CIFAR100_resnet_medium.onnx","vnnlib/CIFAR100_resnet_medium_prop_idx_6135_sidx_4586_eps_0.0039.vnnlib",100,100,12.32,"unsupported_strict","unsupported_strict",0,"/data1/Kane/ACT/audit_results/nnv_strict_20260527/cifar100_2024/0006__CIFAR100_resnet_medium__CIFAR100_resnet_medium_prop_idx_6135_sidx_4586_eps_0.0039.result","/data1/Kane/ACT/audit_results/nnv_strict_20260527/cifar100_2024/0006__CIFAR100_resnet_medium__CIFAR100_resnet_medium_prop_idx_6135_sidx_4586_eps_0.0039.log"
7,"onnx/CIFAR100_resnet_medium.onnx","vnnlib/CIFAR100_resnet_medium_prop_idx_4921_sidx_3617_eps_0.0039.vnnlib",100,100,13.80,"unsupported_strict","unsupported_strict",0,"/data1/Kane/ACT/audit_results/nnv_strict_20260527/cifar100_2024/0007__CIFAR100_resnet_medium__CIFAR100_resnet_medium_prop_idx_4921_sidx_3617_eps_0.0039.result","/data1/Kane/ACT/audit_results/nnv_strict_20260527/cifar100_2024/0007__CIFAR100_resnet_medium__CIFAR100_resnet_medium_prop_idx_4921_sidx_3617_eps_0.0039.log"
8,"onnx/CIFAR100_resnet_medium.onnx","vnnlib/CIFAR100_resnet_medium_prop_idx_5242_sidx_1208_eps_0.0039.vnnlib",100,100,87.39,"unsupported_strict","unsupported_strict",0,"/data1/Kane/ACT/audit_results/nnv_strict_20260527/cifar100_2024/0008__CIFAR100_resnet_medium__CIFAR100_resnet_medium_prop_idx_5242_sidx_1208_eps_0.0039.result","/data1/Kane/ACT/audit_results/nnv_strict_20260527/cifar100_2024/0008__CIFAR100_resnet_medium__CIFAR100_resnet_medium_prop_idx_5242_sidx_1208_eps_0.0039.log"
9,"onnx/CIFAR100_resnet_medium.onnx","vnnlib/CIFAR100_resnet_medium_prop_idx_2176_sidx_3285_eps_0.0039.vnnlib",100,100,13.66,"unsupported_strict","unsupported_strict",0,"/data1/Kane/ACT/audit_results/nnv_strict_20260527/cifar100_2024/0009__CIFAR100_resnet_medium__CIFAR100_resnet_medium_prop_idx_2176_sidx_3285_eps_0.0039.result","/data1/Kane/ACT/audit_results/nnv_strict_20260527/cifar100_2024/0009__CIFAR100_resnet_medium__CIFAR100_resnet_medium_prop_idx_2176_sidx_3285_eps_0.0039.log"
10,"onnx/CIFAR100_resnet_medium.onnx","vnnlib/CIFAR100_resnet_medium_prop_idx_8762_sidx_3374_eps_0.0039.vnnlib",100,100,14.15,"unsupported_strict","unsupported_strict",0,"/data1/Kane/ACT/audit_results/nnv_strict_20260527/cifar100_2024/0010__CIFAR100_resnet_medium__CIFAR100_resnet_medium_prop_idx_8762_sidx_3374_eps_0.0039.result","/data1/Kane/ACT/audit_results/nnv_strict_20260527/cifar100_2024/0010__CIFAR100_resnet_medium__CIFAR100_resnet_medium_prop_idx_8762_sidx_3374_eps_0.0039.log"
11,"onnx/CIFAR100_resnet_medium.onnx","vnnlib/CIFAR100_resnet_medium_prop_idx_7704_sidx_3701_eps_0.0039.vnnlib",100,100,12.17,"unsupported_strict","unsupported_strict",0,"/data1/Kane/ACT/audit_results/nnv_strict_20260527/cifar100_2024/0011__CIFAR100_resnet_medium__CIFAR100_resnet_medium_prop_idx_7704_sidx_3701_eps_0.0039.result","/data1/Kane/ACT/audit_results/nnv_strict_20260527/cifar100_2024/0011__CIFAR100_resnet_medium__CIFAR100_resnet_medium_prop_idx_7704_sidx_3701_eps_0.0039.log"
12,"onnx/CIFAR100_resnet_medium.onnx","vnnlib/CIFAR100_resnet_medium_prop_idx_4752_sidx_1800_eps_0.0039.vnnlib",100,100,13.53,"unsupported_strict","unsupported_strict",0,"/data1/Kane/ACT/audit_results/nnv_strict_20260527/cifar100_2024/0012__CIFAR100_resnet_medium__CIFAR100_resnet_medium_prop_idx_4752_sidx_1800_eps_0.0039.result","/data1/Kane/ACT/audit_results/nnv_strict_20260527/cifar100_2024/0012__CIFAR100_resnet_medium__CIFAR100_resnet_medium_prop_idx_4752_sidx_1800_eps_0.0039.log"
13,"onnx/CIFAR100_resnet_medium.onnx","vnnlib/CIFAR100_resnet_medium_prop_idx_6415_sidx_4543_eps_0.0039.vnnlib",100,100,47.22,"unsupported_strict","unsupported_strict",0,"/data1/Kane/ACT/audit_results/nnv_strict_20260527/cifar100_2024/0013__CIFAR100_resnet_medium__CIFAR100_resnet_medium_prop_idx_6415_sidx_4543_eps_0.0039.result","/data1/Kane/ACT/audit_results/nnv_strict_20260527/cifar100_2024/0013__CIFAR100_resnet_medium__CIFAR100_resnet_medium_prop_idx_6415_sidx_4543_eps_0.0039.log"
14,"onnx/CIFAR100_resnet_medium.onnx","vnnlib/CIFAR100_resnet_medium_prop_idx_2477_sidx_388_eps_0.0039.vnnlib",100,100,30.20,"unsupported_strict","unsupported_strict",0,"/data1/Kane/ACT/audit_results/nnv_strict_20260527/cifar100_2024/0014__CIFAR100_resnet_medium__CIFAR100_resnet_medium_prop_idx_2477_sidx_388_eps_0.0039.result","/data1/Kane/ACT/audit_results/nnv_strict_20260527/cifar100_2024/0014__CIFAR100_resnet_medium__CIFAR100_resnet_medium_prop_idx_2477_sidx_388_eps_0.0039.log"
15,"onnx/CIFAR100_resnet_medium.onnx","vnnlib/CIFAR100_resnet_medium_prop_idx_6553_sidx_7265_eps_0.0039.vnnlib",100,100,13.97,"unsupported_strict","unsupported_strict",0,"/data1/Kane/ACT/audit_results/nnv_strict_20260527/cifar100_2024/0015__CIFAR100_resnet_medium__CIFAR100_resnet_medium_prop_idx_6553_sidx_7265_eps_0.0039.result","/data1/Kane/ACT/audit_results/nnv_strict_20260527/cifar100_2024/0015__CIFAR100_resnet_medium__CIFAR100_resnet_medium_prop_idx_6553_sidx_7265_eps_0.0039.log"
16,"onnx/CIFAR100_resnet_medium.onnx","vnnlib/CIFAR100_resnet_medium_prop_idx_8600_sidx_2721_eps_0.0039.vnnlib",100,100,13.25,"unsupported_strict","unsupported_strict",0,"/data1/Kane/ACT/audit_results/nnv_strict_20260527/cifar100_2024/0016__CIFAR100_resnet_medium__CIFAR100_resnet_medium_prop_idx_8600_sidx_2721_eps_0.0039.result","/data1/Kane/ACT/audit_results/nnv_strict_20260527/cifar100_2024/0016__CIFAR100_resnet_medium__CIFAR100_resnet_medium_prop_idx_8600_sidx_2721_eps_0.0039.log"
17,"onnx/CIFAR100_resnet_medium.onnx","vnnlib/CIFAR100_resnet_medium_prop_idx_7258_sidx_3539_eps_0.0039.vnnlib",100,100,12.60,"unsupported_strict","unsupported_strict",0,"/data1/Kane/ACT/audit_results/nnv_strict_20260527/cifar100_2024/0017__CIFAR100_resnet_medium__CIFAR100_resnet_medium_prop_idx_7258_sidx_3539_eps_0.0039.result","/data1/Kane/ACT/audit_results/nnv_strict_20260527/cifar100_2024/0017__CIFAR100_resnet_medium__CIFAR100_resnet_medium_prop_idx_7258_sidx_3539_eps_0.0039.log"
18,"onnx/CIFAR100_resnet_medium.onnx","vnnlib/CIFAR100_resnet_medium_prop_idx_6659_sidx_4583_eps_0.0039.vnnlib",100,100,13.44,"unsupported_strict","unsupported_strict",0,"/data1/Kane/ACT/audit_results/nnv_strict_20260527/cifar100_2024/0018__CIFAR100_resnet_medium__CIFAR100_resnet_medium_prop_idx_6659_sidx_4583_eps_0.0039.result","/data1/Kane/ACT/audit_results/nnv_strict_20260527/cifar100_2024/0018__CIFAR100_resnet_medium__CIFAR100_resnet_medium_prop_idx_6659_sidx_4583_eps_0.0039.log"
19,"onnx/CIFAR100_resnet_medium.onnx","vnnlib/CIFAR100_resnet_medium_prop_idx_885_sidx_7654_eps_0.0039.vnnlib",100,100,13.23,"unsupported_strict","unsupported_strict",0,"/data1/Kane/ACT/audit_results/nnv_strict_20260527/cifar100_2024/0019__CIFAR100_resnet_medium__CIFAR100_resnet_medium_prop_idx_885_sidx_7654_eps_0.0039.result","/data1/Kane/ACT/audit_results/nnv_strict_20260527/cifar100_2024/0019__CIFAR100_resnet_medium__CIFAR100_resnet_medium_prop_idx_885_sidx_7654_eps_0.0039.log"
20,"onnx/CIFAR100_resnet_medium.onnx","vnnlib/CIFAR100_resnet_medium_prop_idx_3006_sidx_928_eps_0.0039.vnnlib",100,100,13.32,"unsupported_strict","unsupported_strict",0,"/data1/Kane/ACT/audit_results/nnv_strict_20260527/cifar100_2024/0020__CIFAR100_resnet_medium__CIFAR100_resnet_medium_prop_idx_3006_sidx_928_eps_0.0039.result","/data1/Kane/ACT/audit_results/nnv_strict_20260527/cifar100_2024/0020__CIFAR100_resnet_medium__CIFAR100_resnet_medium_prop_idx_3006_sidx_928_eps_0.0039.log"
21,"onnx/CIFAR100_resnet_medium.onnx","vnnlib/CIFAR100_resnet_medium_prop_idx_1588_sidx_6654_eps_0.0039.vnnlib",100,100,13.80,"unsupported_strict","unsupported_strict",0,"/data1/Kane/ACT/audit_results/nnv_strict_20260527/cifar100_2024/0021__CIFAR100_resnet_medium__CIFAR100_resnet_medium_prop_idx_1588_sidx_6654_eps_0.0039.result","/data1/Kane/ACT/audit_results/nnv_strict_20260527/cifar100_2024/0021__CIFAR100_resnet_medium__CIFAR100_resnet_medium_prop_idx_1588_sidx_6654_eps_0.0039.log"
22,"onnx/CIFAR100_resnet_medium.onnx","vnnlib/CIFAR100_resnet_medium_prop_idx_8594_sidx_5815_eps_0.0039.vnnlib",100,100,13.08,"unsupported_strict","unsupported_strict",0,"/data1/Kane/ACT/audit_results/nnv_strict_20260527/cifar100_2024/0022__CIFAR100_resnet_medium__CIFAR100_resnet_medium_prop_idx_8594_sidx_5815_eps_0.0039.result","/data1/Kane/ACT/audit_results/nnv_strict_20260527/cifar100_2024/0022__CIFAR100_resnet_medium__CIFAR100_resnet_medium_prop_idx_8594_sidx_5815_eps_0.0039.log"
23,"onnx/CIFAR100_resnet_medium.onnx","vnnlib/CIFAR100_resnet_medium_prop_idx_9658_sidx_1660_eps_0.0039.vnnlib",100,100,12.92,"unsupported_strict","unsupported_strict",0,"/data1/Kane/ACT/audit_results/nnv_strict_20260527/cifar100_2024/0023__CIFAR100_resnet_medium__CIFAR100_resnet_medium_prop_idx_9658_sidx_1660_eps_0.0039.result","/data1/Kane/ACT/audit_results/nnv_strict_20260527/cifar100_2024/0023__CIFAR100_resnet_medium__CIFAR100_resnet_medium_prop_idx_9658_sidx_1660_eps_0.0039.log"
24,"onnx/CIFAR100_resnet_medium.onnx","vnnlib/CIFAR100_resnet_medium_prop_idx_8505_sidx_1690_eps_0.0039.vnnlib",100,100,11.69,"unsupported_strict","unsupported_strict",0,"/data1/Kane/ACT/audit_results/nnv_strict_20260527/cifar100_2024/0024__CIFAR100_resnet_medium__CIFAR100_resnet_medium_prop_idx_8505_sidx_1690_eps_0.0039.result","/data1/Kane/ACT/audit_results/nnv_strict_20260527/cifar100_2024/0024__CIFAR100_resnet_medium__CIFAR100_resnet_medium_prop_idx_8505_sidx_1690_eps_0.0039.log"
25,"onnx/CIFAR100_resnet_medium.onnx","vnnlib/CIFAR100_resnet_medium_prop_idx_8945_sidx_3584_eps_0.0039.vnnlib",100,100,12.07,"unsupported_strict","unsupported_strict",0,"/data1/Kane/ACT/audit_results/nnv_strict_20260527/cifar100_2024/0025__CIFAR100_resnet_medium__CIFAR100_resnet_medium_prop_idx_8945_sidx_3584_eps_0.0039.result","/data1/Kane/ACT/audit_results/nnv_strict_20260527/cifar100_2024/0025__CIFAR100_resnet_medium__CIFAR100_resnet_medium_prop_idx_8945_sidx_3584_eps_0.0039.log"
26,"onnx/CIFAR100_resnet_medium.onnx","vnnlib/CIFAR100_resnet_medium_prop_idx_6585_sidx_533_eps_0.0039.vnnlib",100,100,12.91,"unsupported_strict","unsupported_strict",0,"/data1/Kane/ACT/audit_results/nnv_strict_20260527/cifar100_2024/0026__CIFAR100_resnet_medium__CIFAR100_resnet_medium_prop_idx_6585_sidx_533_eps_0.0039.result","/data1/Kane/ACT/audit_results/nnv_strict_20260527/cifar100_2024/0026__CIFAR100_resnet_medium__CIFAR100_resnet_medium_prop_idx_6585_sidx_533_eps_0.0039.log"
27,"onnx/CIFAR100_resnet_medium.onnx","vnnlib/CIFAR100_resnet_medium_prop_idx_6573_sidx_5525_eps_0.0039.vnnlib",100,100,12.97,"unsupported_strict","unsupported_strict",0,"/data1/Kane/ACT/audit_results/nnv_strict_20260527/cifar100_2024/0027__CIFAR100_resnet_medium__CIFAR100_resnet_medium_prop_idx_6573_sidx_5525_eps_0.0039.result","/data1/Kane/ACT/audit_results/nnv_strict_20260527/cifar100_2024/0027__CIFAR100_resnet_medium__CIFAR100_resnet_medium_prop_idx_6573_sidx_5525_eps_0.0039.log"
28,"onnx/CIFAR100_resnet_medium.onnx","vnnlib/CIFAR100_resnet_medium_prop_idx_8619_sidx_4461_eps_0.0039.vnnlib",100,100,13.19,"unsupported_strict","unsupported_strict",0,"/data1/Kane/ACT/audit_results/nnv_strict_20260527/cifar100_2024/0028__CIFAR100_resnet_medium__CIFAR100_resnet_medium_prop_idx_8619_sidx_4461_eps_0.0039.result","/data1/Kane/ACT/audit_results/nnv_strict_20260527/cifar100_2024/0028__CIFAR100_resnet_medium__CIFAR100_resnet_medium_prop_idx_8619_sidx_4461_eps_0.0039.log"
29,"onnx/CIFAR100_resnet_medium.onnx","vnnlib/CIFAR100_resnet_medium_prop_idx_54_sidx_9735_eps_0.0039.vnnlib",100,100,13.90,"unsupported_strict","unsupported_strict",0,"/data1/Kane/ACT/audit_results/nnv_strict_20260527/cifar100_2024/0029__CIFAR100_resnet_medium__CIFAR100_resnet_medium_prop_idx_54_sidx_9735_eps_0.0039.result","/data1/Kane/ACT/audit_results/nnv_strict_20260527/cifar100_2024/0029__CIFAR100_resnet_medium__CIFAR100_resnet_medium_prop_idx_54_sidx_9735_eps_0.0039.log"
30,"onnx/CIFAR100_resnet_medium.onnx","vnnlib/CIFAR100_resnet_medium_prop_idx_4429_sidx_1471_eps_0.0039.vnnlib",100,100,11.92,"unsupported_strict","unsupported_strict",0,"/data1/Kane/ACT/audit_results/nnv_strict_20260527/cifar100_2024/0030__CIFAR100_resnet_medium__CIFAR100_resnet_medium_prop_idx_4429_sidx_1471_eps_0.0039.result","/data1/Kane/ACT/audit_results/nnv_strict_20260527/cifar100_2024/0030__CIFAR100_resnet_medium__CIFAR100_resnet_medium_prop_idx_4429_sidx_1471_eps_0.0039.log"
31,"onnx/CIFAR100_resnet_medium.onnx","vnnlib/CIFAR100_resnet_medium_prop_idx_1190_sidx_8846_eps_0.0039.vnnlib",100,100,12.04,"unsupported_strict","unsupported_strict",0,"/data1/Kane/ACT/audit_results/nnv_strict_20260527/cifar100_2024/0031__CIFAR100_resnet_medium__CIFAR100_resnet_medium_prop_idx_1190_sidx_8846_eps_0.0039.result","/data1/Kane/ACT/audit_results/nnv_strict_20260527/cifar100_2024/0031__CIFAR100_resnet_medium__CIFAR100_resnet_medium_prop_idx_1190_sidx_8846_eps_0.0039.log"
32,"onnx/CIFAR100_resnet_medium.onnx","vnnlib/CIFAR100_resnet_medium_prop_idx_7569_sidx_2906_eps_0.0039.vnnlib",100,100,13.56,"unsupported_strict","unsupported_strict",0,"/data1/Kane/ACT/audit_results/nnv_strict_20260527/cifar100_2024/0032__CIFAR100_resnet_medium__CIFAR100_resnet_medium_prop_idx_7569_sidx_2906_eps_0.0039.result","/data1/Kane/ACT/audit_results/nnv_strict_20260527/cifar100_2024/0032__CIFAR100_resnet_medium__CIFAR100_resnet_medium_prop_idx_7569_sidx_2906_eps_0.0039.log"
33,"onnx/CIFAR100_resnet_medium.onnx","vnnlib/CIFAR100_resnet_medium_prop_idx_9897_sidx_9124_eps_0.0039.vnnlib",100,100,13.65,"unsupported_strict","unsupported_strict",0,"/data1/Kane/ACT/audit_results/nnv_strict_20260527/cifar100_2024/0033__CIFAR100_resnet_medium__CIFAR100_resnet_medium_prop_idx_9897_sidx_9124_eps_0.0039.result","/data1/Kane/ACT/audit_results/nnv_strict_20260527/cifar100_2024/0033__CIFAR100_resnet_medium__CIFAR100_resnet_medium_prop_idx_9897_sidx_9124_eps_0.0039.log"
34,"onnx/CIFAR100_resnet_medium.onnx","vnnlib/CIFAR100_resnet_medium_prop_idx_5831_sidx_5506_eps_0.0039.vnnlib",100,100,13.14,"unsupported_strict","unsupported_strict",0,"/data1/Kane/ACT/audit_results/nnv_strict_20260527/cifar100_2024/0034__CIFAR100_resnet_medium__CIFAR100_resnet_medium_prop_idx_5831_sidx_5506_eps_0.0039.result","/data1/Kane/ACT/audit_results/nnv_strict_20260527/cifar100_2024/0034__CIFAR100_resnet_medium__CIFAR100_resnet_medium_prop_idx_5831_sidx_5506_eps_0.0039.log"
35,"onnx/CIFAR100_resnet_medium.onnx","vnnlib/CIFAR100_resnet_medium_prop_idx_4169_sidx_9758_eps_0.0039.vnnlib",100,100,12.31,"unsupported_strict","unsupported_strict",0,"/data1/Kane/ACT/audit_results/nnv_strict_20260527/cifar100_2024/0035__CIFAR100_resnet_medium__CIFAR100_resnet_medium_prop_idx_4169_sidx_9758_eps_0.0039.result","/data1/Kane/ACT/audit_results/nnv_strict_20260527/cifar100_2024/0035__CIFAR100_resnet_medium__CIFAR100_resnet_medium_prop_idx_4169_sidx_9758_eps_0.0039.log"
36,"onnx/CIFAR100_resnet_medium.onnx","vnnlib/CIFAR100_resnet_medium_prop_idx_8196_sidx_3864_eps_0.0039.vnnlib",100,100,13.42,"unsupported_strict","unsupported_strict",0,"/data1/Kane/ACT/audit_results/nnv_strict_20260527/cifar100_2024/0036__CIFAR100_resnet_medium__CIFAR100_resnet_medium_prop_idx_8196_sidx_3864_eps_0.0039.result","/data1/Kane/ACT/audit_results/nnv_strict_20260527/cifar100_2024/0036__CIFAR100_resnet_medium__CIFAR100_resnet_medium_prop_idx_8196_sidx_3864_eps_0.0039.log"
37,"onnx/CIFAR100_resnet_medium.onnx","vnnlib/CIFAR100_resnet_medium_prop_idx_6583_sidx_8860_eps_0.0039.vnnlib",100,100,12.33,"unsupported_strict","unsupported_strict",0,"/data1/Kane/ACT/audit_results/nnv_strict_20260527/cifar100_2024/0037__CIFAR100_resnet_medium__CIFAR100_resnet_medium_prop_idx_6583_sidx_8860_eps_0.0039.result","/data1/Kane/ACT/audit_results/nnv_strict_20260527/cifar100_2024/0037__CIFAR100_resnet_medium__CIFAR100_resnet_medium_prop_idx_6583_sidx_8860_eps_0.0039.log"
38,"onnx/CIFAR100_resnet_medium.onnx","vnnlib/CIFAR100_resnet_medium_prop_idx_8523_sidx_9936_eps_0.0039.vnnlib",100,100,13.76,"unsupported_strict","unsupported_strict",0,"/data1/Kane/ACT/audit_results/nnv_strict_20260527/cifar100_2024/0038__CIFAR100_resnet_medium__CIFAR100_resnet_medium_prop_idx_8523_sidx_9936_eps_0.0039.result","/data1/Kane/ACT/audit_results/nnv_strict_20260527/cifar100_2024/0038__CIFAR100_resnet_medium__CIFAR100_resnet_medium_prop_idx_8523_sidx_9936_eps_0.0039.log"
39,"onnx/CIFAR100_resnet_medium.onnx","vnnlib/CIFAR100_resnet_medium_prop_idx_3418_sidx_4225_eps_0.0039.vnnlib",100,100,13.22,"unsupported_strict","unsupported_strict",0,"/data1/Kane/ACT/audit_results/nnv_strict_20260527/cifar100_2024/0039__CIFAR100_resnet_medium__CIFAR100_resnet_medium_prop_idx_3418_sidx_4225_eps_0.0039.result","/data1/Kane/ACT/audit_results/nnv_strict_20260527/cifar100_2024/0039__CIFAR100_resnet_medium__CIFAR100_resnet_medium_prop_idx_3418_sidx_4225_eps_0.0039.log"
40,"onnx/CIFAR100_resnet_medium.onnx","vnnlib/CIFAR100_resnet_medium_prop_idx_7431_sidx_7329_eps_0.0039.vnnlib",100,100,13.94,"unsupported_strict","unsupported_strict",0,"/data1/Kane/ACT/audit_results/nnv_strict_20260527/cifar100_2024/0040__CIFAR100_resnet_medium__CIFAR100_resnet_medium_prop_idx_7431_sidx_7329_eps_0.0039.result","/data1/Kane/ACT/audit_results/nnv_strict_20260527/cifar100_2024/0040__CIFAR100_resnet_medium__CIFAR100_resnet_medium_prop_idx_7431_sidx_7329_eps_0.0039.log"
41,"onnx/CIFAR100_resnet_medium.onnx","vnnlib/CIFAR100_resnet_medium_prop_idx_6010_sidx_5369_eps_0.0039.vnnlib",100,100,13.86,"unsupported_strict","unsupported_strict",0,"/data1/Kane/ACT/audit_results/nnv_strict_20260527/cifar100_2024/0041__CIFAR100_resnet_medium__CIFAR100_resnet_medium_prop_idx_6010_sidx_5369_eps_0.0039.result","/data1/Kane/ACT/audit_results/nnv_strict_20260527/cifar100_2024/0041__CIFAR100_resnet_medium__CIFAR100_resnet_medium_prop_idx_6010_sidx_5369_eps_0.0039.log"
42,"onnx/CIFAR100_resnet_medium.onnx","vnnlib/CIFAR100_resnet_medium_prop_idx_5127_sidx_993_eps_0.0039.vnnlib",100,100,13.60,"unsupported_strict","unsupported_strict",0,"/data1/Kane/ACT/audit_results/nnv_strict_20260527/cifar100_2024/0042__CIFAR100_resnet_medium__CIFAR100_resnet_medium_prop_idx_5127_sidx_993_eps_0.0039.result","/data1/Kane/ACT/audit_results/nnv_strict_20260527/cifar100_2024/0042__CIFAR100_resnet_medium__CIFAR100_resnet_medium_prop_idx_5127_sidx_993_eps_0.0039.log"
43,"onnx/CIFAR100_resnet_medium.onnx","vnnlib/CIFAR100_resnet_medium_prop_idx_6263_sidx_7644_eps_0.0039.vnnlib",100,100,12.99,"unsupported_strict","unsupported_strict",0,"/data1/Kane/ACT/audit_results/nnv_strict_20260527/cifar100_2024/0043__CIFAR100_resnet_medium__CIFAR100_resnet_medium_prop_idx_6263_sidx_7644_eps_0.0039.result","/data1/Kane/ACT/audit_results/nnv_strict_20260527/cifar100_2024/0043__CIFAR100_resnet_medium__CIFAR100_resnet_medium_prop_idx_6263_sidx_7644_eps_0.0039.log"
44,"onnx/CIFAR100_resnet_medium.onnx","vnnlib/CIFAR100_resnet_medium_prop_idx_5001_sidx_1154_eps_0.0039.vnnlib",100,100,13.85,"unsupported_strict","unsupported_strict",0,"/data1/Kane/ACT/audit_results/nnv_strict_20260527/cifar100_2024/0044__CIFAR100_resnet_medium__CIFAR100_resnet_medium_prop_idx_5001_sidx_1154_eps_0.0039.result","/data1/Kane/ACT/audit_results/nnv_strict_20260527/cifar100_2024/0044__CIFAR100_resnet_medium__CIFAR100_resnet_medium_prop_idx_5001_sidx_1154_eps_0.0039.log"
45,"onnx/CIFAR100_resnet_medium.onnx","vnnlib/CIFAR100_resnet_medium_prop_idx_4597_sidx_282_eps_0.0039.vnnlib",100,100,11.94,"unsupported_strict","unsupported_strict",0,"/data1/Kane/ACT/audit_results/nnv_strict_20260527/cifar100_2024/0045__CIFAR100_resnet_medium__CIFAR100_resnet_medium_prop_idx_4597_sidx_282_eps_0.0039.result","/data1/Kane/ACT/audit_results/nnv_strict_20260527/cifar100_2024/0045__CIFAR100_resnet_medium__CIFAR100_resnet_medium_prop_idx_4597_sidx_282_eps_0.0039.log"
46,"onnx/CIFAR100_resnet_medium.onnx","vnnlib/CIFAR100_resnet_medium_prop_idx_3184_sidx_9092_eps_0.0039.vnnlib",100,100,13.64,"unsupported_strict","unsupported_strict",0,"/data1/Kane/ACT/audit_results/nnv_strict_20260527/cifar100_2024/0046__CIFAR100_resnet_medium__CIFAR100_resnet_medium_prop_idx_3184_sidx_9092_eps_0.0039.result","/data1/Kane/ACT/audit_results/nnv_strict_20260527/cifar100_2024/0046__CIFAR100_resnet_medium__CIFAR100_resnet_medium_prop_idx_3184_sidx_9092_eps_0.0039.log"
47,"onnx/CIFAR100_resnet_medium.onnx","vnnlib/CIFAR100_resnet_medium_prop_idx_3343_sidx_1406_eps_0.0039.vnnlib",100,100,13.44,"unsupported_strict","unsupported_strict",0,"/data1/Kane/ACT/audit_results/nnv_strict_20260527/cifar100_2024/0047__CIFAR100_resnet_medium__CIFAR100_resnet_medium_prop_idx_3343_sidx_1406_eps_0.0039.result","/data1/Kane/ACT/audit_results/nnv_strict_20260527/cifar100_2024/0047__CIFAR100_resnet_medium__CIFAR100_resnet_medium_prop_idx_3343_sidx_1406_eps_0.0039.log"
48,"onnx/CIFAR100_resnet_medium.onnx","vnnlib/CIFAR100_resnet_medium_prop_idx_8330_sidx_7593_eps_0.0039.vnnlib",100,100,12.26,"unsupported_strict","unsupported_strict",0,"/data1/Kane/ACT/audit_results/nnv_strict_20260527/cifar100_2024/0048__CIFAR100_resnet_medium__CIFAR100_resnet_medium_prop_idx_8330_sidx_7593_eps_0.0039.result","/data1/Kane/ACT/audit_results/nnv_strict_20260527/cifar100_2024/0048__CIFAR100_resnet_medium__CIFAR100_resnet_medium_prop_idx_8330_sidx_7593_eps_0.0039.log"
49,"onnx/CIFAR100_resnet_medium.onnx","vnnlib/CIFAR100_resnet_medium_prop_idx_5634_sidx_9441_eps_0.0039.vnnlib",100,100,13.65,"unsupported_strict","unsupported_strict",0,"/data1/Kane/ACT/audit_results/nnv_strict_20260527/cifar100_2024/0049__CIFAR100_resnet_medium__CIFAR100_resnet_medium_prop_idx_5634_sidx_9441_eps_0.0039.result","/data1/Kane/ACT/audit_results/nnv_strict_20260527/cifar100_2024/0049__CIFAR100_resnet_medium__CIFAR100_resnet_medium_prop_idx_5634_sidx_9441_eps_0.0039.log"
50,"onnx/CIFAR100_resnet_medium.onnx","vnnlib/CIFAR100_resnet_medium_prop_idx_7478_sidx_6593_eps_0.0039.vnnlib",100,100,12.44,"unsupported_strict","unsupported_strict",0,"/data1/Kane/ACT/audit_results/nnv_strict_20260527/cifar100_2024/0050__CIFAR100_resnet_medium__CIFAR100_resnet_medium_prop_idx_7478_sidx_6593_eps_0.0039.result","/data1/Kane/ACT/audit_results/nnv_strict_20260527/cifar100_2024/0050__CIFAR100_resnet_medium__CIFAR100_resnet_medium_prop_idx_7478_sidx_6593_eps_0.0039.log"
51,"onnx/CIFAR100_resnet_medium.onnx","vnnlib/CIFAR100_resnet_medium_prop_idx_913_sidx_2404_eps_0.0039.vnnlib",100,100,11.93,"unsupported_strict","unsupported_strict",0,"/data1/Kane/ACT/audit_results/nnv_strict_20260527/cifar100_2024/0051__CIFAR100_resnet_medium__CIFAR100_resnet_medium_prop_idx_913_sidx_2404_eps_0.0039.result","/data1/Kane/ACT/audit_results/nnv_strict_20260527/cifar100_2024/0051__CIFAR100_resnet_medium__CIFAR100_resnet_medium_prop_idx_913_sidx_2404_eps_0.0039.log"
52,"onnx/CIFAR100_resnet_medium.onnx","vnnlib/CIFAR100_resnet_medium_prop_idx_1761_sidx_3933_eps_0.0039.vnnlib",100,100,13.80,"unsupported_strict","unsupported_strict",0,"/data1/Kane/ACT/audit_results/nnv_strict_20260527/cifar100_2024/0052__CIFAR100_resnet_medium__CIFAR100_resnet_medium_prop_idx_1761_sidx_3933_eps_0.0039.result","/data1/Kane/ACT/audit_results/nnv_strict_20260527/cifar100_2024/0052__CIFAR100_resnet_medium__CIFAR100_resnet_medium_prop_idx_1761_sidx_3933_eps_0.0039.log"
53,"onnx/CIFAR100_resnet_medium.onnx","vnnlib/CIFAR100_resnet_medium_prop_idx_1798_sidx_1061_eps_0.0039.vnnlib",100,100,13.88,"unsupported_strict","unsupported_strict",0,"/data1/Kane/ACT/audit_results/nnv_strict_20260527/cifar100_2024/0053__CIFAR100_resnet_medium__CIFAR100_resnet_medium_prop_idx_1798_sidx_1061_eps_0.0039.result","/data1/Kane/ACT/audit_results/nnv_strict_20260527/cifar100_2024/0053__CIFAR100_resnet_medium__CIFAR100_resnet_medium_prop_idx_1798_sidx_1061_eps_0.0039.log"
54,"onnx/CIFAR100_resnet_medium.onnx","vnnlib/CIFAR100_resnet_medium_prop_idx_8450_sidx_9332_eps_0.0039.vnnlib",100,100,12.05,"unsupported_strict","unsupported_strict",0,"/data1/Kane/ACT/audit_results/nnv_strict_20260527/cifar100_2024/0054__CIFAR100_resnet_medium__CIFAR100_resnet_medium_prop_idx_8450_sidx_9332_eps_0.0039.result","/data1/Kane/ACT/audit_results/nnv_strict_20260527/cifar100_2024/0054__CIFAR100_resnet_medium__CIFAR100_resnet_medium_prop_idx_8450_sidx_9332_eps_0.0039.log"
55,"onnx/CIFAR100_resnet_medium.onnx","vnnlib/CIFAR100_resnet_medium_prop_idx_1592_sidx_3741_eps_0.0039.vnnlib",100,100,14.34,"unsupported_strict","unsupported_strict",0,"/data1/Kane/ACT/audit_results/nnv_strict_20260527/cifar100_2024/0055__CIFAR100_resnet_medium__CIFAR100_resnet_medium_prop_idx_1592_sidx_3741_eps_0.0039.result","/data1/Kane/ACT/audit_results/nnv_strict_20260527/cifar100_2024/0055__CIFAR100_resnet_medium__CIFAR100_resnet_medium_prop_idx_1592_sidx_3741_eps_0.0039.log"
56,"onnx/CIFAR100_resnet_medium.onnx","vnnlib/CIFAR100_resnet_medium_prop_idx_230_sidx_1968_eps_0.0039.vnnlib",100,100,13.70,"unsupported_strict","unsupported_strict",0,"/data1/Kane/ACT/audit_results/nnv_strict_20260527/cifar100_2024/0056__CIFAR100_resnet_medium__CIFAR100_resnet_medium_prop_idx_230_sidx_1968_eps_0.0039.result","/data1/Kane/ACT/audit_results/nnv_strict_20260527/cifar100_2024/0056__CIFAR100_resnet_medium__CIFAR100_resnet_medium_prop_idx_230_sidx_1968_eps_0.0039.log"
57,"onnx/CIFAR100_resnet_medium.onnx","vnnlib/CIFAR100_resnet_medium_prop_idx_5791_sidx_5659_eps_0.0039.vnnlib",100,100,13.57,"unsupported_strict","unsupported_strict",0,"/data1/Kane/ACT/audit_results/nnv_strict_20260527/cifar100_2024/0057__CIFAR100_resnet_medium__CIFAR100_resnet_medium_prop_idx_5791_sidx_5659_eps_0.0039.result","/data1/Kane/ACT/audit_results/nnv_strict_20260527/cifar100_2024/0057__CIFAR100_resnet_medium__CIFAR100_resnet_medium_prop_idx_5791_sidx_5659_eps_0.0039.log"
58,"onnx/CIFAR100_resnet_medium.onnx","vnnlib/CIFAR100_resnet_medium_prop_idx_4475_sidx_752_eps_0.0039.vnnlib",100,100,13.53,"unsupported_strict","unsupported_strict",0,"/data1/Kane/ACT/audit_results/nnv_strict_20260527/cifar100_2024/0058__CIFAR100_resnet_medium__CIFAR100_resnet_medium_prop_idx_4475_sidx_752_eps_0.0039.result","/data1/Kane/ACT/audit_results/nnv_strict_20260527/cifar100_2024/0058__CIFAR100_resnet_medium__CIFAR100_resnet_medium_prop_idx_4475_sidx_752_eps_0.0039.log"
59,"onnx/CIFAR100_resnet_medium.onnx","vnnlib/CIFAR100_resnet_medium_prop_idx_3247_sidx_1605_eps_0.0039.vnnlib",100,100,12.72,"unsupported_strict","unsupported_strict",0,"/data1/Kane/ACT/audit_results/nnv_strict_20260527/cifar100_2024/0059__CIFAR100_resnet_medium__CIFAR100_resnet_medium_prop_idx_3247_sidx_1605_eps_0.0039.result","/data1/Kane/ACT/audit_results/nnv_strict_20260527/cifar100_2024/0059__CIFAR100_resnet_medium__CIFAR100_resnet_medium_prop_idx_3247_sidx_1605_eps_0.0039.log"
60,"onnx/CIFAR100_resnet_medium.onnx","vnnlib/CIFAR100_resnet_medium_prop_idx_2557_sidx_6196_eps_0.0039.vnnlib",100,100,13.88,"unsupported_strict","unsupported_strict",0,"/data1/Kane/ACT/audit_results/nnv_strict_20260527/cifar100_2024/0060__CIFAR100_resnet_medium__CIFAR100_resnet_medium_prop_idx_2557_sidx_6196_eps_0.0039.result","/data1/Kane/ACT/audit_results/nnv_strict_20260527/cifar100_2024/0060__CIFAR100_resnet_medium__CIFAR100_resnet_medium_prop_idx_2557_sidx_6196_eps_0.0039.log"
61,"onnx/CIFAR100_resnet_medium.onnx","vnnlib/CIFAR100_resnet_medium_prop_idx_4191_sidx_3301_eps_0.0039.vnnlib",100,100,12.45,"unsupported_strict","unsupported_strict",0,"/data1/Kane/ACT/audit_results/nnv_strict_20260527/cifar100_2024/0061__CIFAR100_resnet_medium__CIFAR100_resnet_medium_prop_idx_4191_sidx_3301_eps_0.0039.result","/data1/Kane/ACT/audit_results/nnv_strict_20260527/cifar100_2024/0061__CIFAR100_resnet_medium__CIFAR100_resnet_medium_prop_idx_4191_sidx_3301_eps_0.0039.log"
62,"onnx/CIFAR100_resnet_medium.onnx","vnnlib/CIFAR100_resnet_medium_prop_idx_2697_sidx_4836_eps_0.0039.vnnlib",100,100,12.17,"unsupported_strict","unsupported_strict",0,"/data1/Kane/ACT/audit_results/nnv_strict_20260527/cifar100_2024/0062__CIFAR100_resnet_medium__CIFAR100_resnet_medium_prop_idx_2697_sidx_4836_eps_0.0039.result","/data1/Kane/ACT/audit_results/nnv_strict_20260527/cifar100_2024/0062__CIFAR100_resnet_medium__CIFAR100_resnet_medium_prop_idx_2697_sidx_4836_eps_0.0039.log"
63,"onnx/CIFAR100_resnet_medium.onnx","vnnlib/CIFAR100_resnet_medium_prop_idx_9665_sidx_9074_eps_0.0039.vnnlib",100,100,13.27,"unsupported_strict","unsupported_strict",0,"/data1/Kane/ACT/audit_results/nnv_strict_20260527/cifar100_2024/0063__CIFAR100_resnet_medium__CIFAR100_resnet_medium_prop_idx_9665_sidx_9074_eps_0.0039.result","/data1/Kane/ACT/audit_results/nnv_strict_20260527/cifar100_2024/0063__CIFAR100_resnet_medium__CIFAR100_resnet_medium_prop_idx_9665_sidx_9074_eps_0.0039.log"
64,"onnx/CIFAR100_resnet_medium.onnx","vnnlib/CIFAR100_resnet_medium_prop_idx_9518_sidx_9183_eps_0.0039.vnnlib",100,100,14.14,"unsupported_strict","unsupported_strict",0,"/data1/Kane/ACT/audit_results/nnv_strict_20260527/cifar100_2024/0064__CIFAR100_resnet_medium__CIFAR100_resnet_medium_prop_idx_9518_sidx_9183_eps_0.0039.result","/data1/Kane/ACT/audit_results/nnv_strict_20260527/cifar100_2024/0064__CIFAR100_resnet_medium__CIFAR100_resnet_medium_prop_idx_9518_sidx_9183_eps_0.0039.log"
65,"onnx/CIFAR100_resnet_medium.onnx","vnnlib/CIFAR100_resnet_medium_prop_idx_5973_sidx_7841_eps_0.0039.vnnlib",100,100,12.68,"unsupported_strict","unsupported_strict",0,"/data1/Kane/ACT/audit_results/nnv_strict_20260527/cifar100_2024/0065__CIFAR100_resnet_medium__CIFAR100_resnet_medium_prop_idx_5973_sidx_7841_eps_0.0039.result","/data1/Kane/ACT/audit_results/nnv_strict_20260527/cifar100_2024/0065__CIFAR100_resnet_medium__CIFAR100_resnet_medium_prop_idx_5973_sidx_7841_eps_0.0039.log"
66,"onnx/CIFAR100_resnet_medium.onnx","vnnlib/CIFAR100_resnet_medium_prop_idx_9845_sidx_200_eps_0.0039.vnnlib",100,100,13.21,"unsupported_strict","unsupported_strict",0,"/data1/Kane/ACT/audit_results/nnv_strict_20260527/cifar100_2024/0066__CIFAR100_resnet_medium__CIFAR100_resnet_medium_prop_idx_9845_sidx_200_eps_0.0039.result","/data1/Kane/ACT/audit_results/nnv_strict_20260527/cifar100_2024/0066__CIFAR100_resnet_medium__CIFAR100_resnet_medium_prop_idx_9845_sidx_200_eps_0.0039.log"
67,"onnx/CIFAR100_resnet_medium.onnx","vnnlib/CIFAR100_resnet_medium_prop_idx_2779_sidx_6416_eps_0.0039.vnnlib",100,100,13.28,"unsupported_strict","unsupported_strict",0,"/data1/Kane/ACT/audit_results/nnv_strict_20260527/cifar100_2024/0067__CIFAR100_resnet_medium__CIFAR100_resnet_medium_prop_idx_2779_sidx_6416_eps_0.0039.result","/data1/Kane/ACT/audit_results/nnv_strict_20260527/cifar100_2024/0067__CIFAR100_resnet_medium__CIFAR100_resnet_medium_prop_idx_2779_sidx_6416_eps_0.0039.log"
68,"onnx/CIFAR100_resnet_medium.onnx","vnnlib/CIFAR100_resnet_medium_prop_idx_6292_sidx_5430_eps_0.0039.vnnlib",100,100,13.78,"unsupported_strict","unsupported_strict",0,"/data1/Kane/ACT/audit_results/nnv_strict_20260527/cifar100_2024/0068__CIFAR100_resnet_medium__CIFAR100_resnet_medium_prop_idx_6292_sidx_5430_eps_0.0039.result","/data1/Kane/ACT/audit_results/nnv_strict_20260527/cifar100_2024/0068__CIFAR100_resnet_medium__CIFAR100_resnet_medium_prop_idx_6292_sidx_5430_eps_0.0039.log"
69,"onnx/CIFAR100_resnet_medium.onnx","vnnlib/CIFAR100_resnet_medium_prop_idx_8642_sidx_9095_eps_0.0039.vnnlib",100,100,12.38,"unsupported_strict","unsupported_strict",0,"/data1/Kane/ACT/audit_results/nnv_strict_20260527/cifar100_2024/0069__CIFAR100_resnet_medium__CIFAR100_resnet_medium_prop_idx_8642_sidx_9095_eps_0.0039.result","/data1/Kane/ACT/audit_results/nnv_strict_20260527/cifar100_2024/0069__CIFAR100_resnet_medium__CIFAR100_resnet_medium_prop_idx_8642_sidx_9095_eps_0.0039.log"
70,"onnx/CIFAR100_resnet_medium.onnx","vnnlib/CIFAR100_resnet_medium_prop_idx_6049_sidx_4719_eps_0.0039.vnnlib",100,100,13.59,"unsupported_strict","unsupported_strict",0,"/data1/Kane/ACT/audit_results/nnv_strict_20260527/cifar100_2024/0070__CIFAR100_resnet_medium__CIFAR100_resnet_medium_prop_idx_6049_sidx_4719_eps_0.0039.result","/data1/Kane/ACT/audit_results/nnv_strict_20260527/cifar100_2024/0070__CIFAR100_resnet_medium__CIFAR100_resnet_medium_prop_idx_6049_sidx_4719_eps_0.0039.log"
71,"onnx/CIFAR100_resnet_medium.onnx","vnnlib/CIFAR100_resnet_medium_prop_idx_8739_sidx_1540_eps_0.0039.vnnlib",100,100,12.12,"unsupported_strict","unsupported_strict",0,"/data1/Kane/ACT/audit_results/nnv_strict_20260527/cifar100_2024/0071__CIFAR100_resnet_medium__CIFAR100_resnet_medium_prop_idx_8739_sidx_1540_eps_0.0039.result","/data1/Kane/ACT/audit_results/nnv_strict_20260527/cifar100_2024/0071__CIFAR100_resnet_medium__CIFAR100_resnet_medium_prop_idx_8739_sidx_1540_eps_0.0039.log"
72,"onnx/CIFAR100_resnet_medium.onnx","vnnlib/CIFAR100_resnet_medium_prop_idx_7034_sidx_4129_eps_0.0039.vnnlib",100,100,13.76,"unsupported_strict","unsupported_strict",0,"/data1/Kane/ACT/audit_results/nnv_strict_20260527/cifar100_2024/0072__CIFAR100_resnet_medium__CIFAR100_resnet_medium_prop_idx_7034_sidx_4129_eps_0.0039.result","/data1/Kane/ACT/audit_results/nnv_strict_20260527/cifar100_2024/0072__CIFAR100_resnet_medium__CIFAR100_resnet_medium_prop_idx_7034_sidx_4129_eps_0.0039.log"
73,"onnx/CIFAR100_resnet_medium.onnx","vnnlib/CIFAR100_resnet_medium_prop_idx_1498_sidx_792_eps_0.0039.vnnlib",100,100,13.16,"unsupported_strict","unsupported_strict",0,"/data1/Kane/ACT/audit_results/nnv_strict_20260527/cifar100_2024/0073__CIFAR100_resnet_medium__CIFAR100_resnet_medium_prop_idx_1498_sidx_792_eps_0.0039.result","/data1/Kane/ACT/audit_results/nnv_strict_20260527/cifar100_2024/0073__CIFAR100_resnet_medium__CIFAR100_resnet_medium_prop_idx_1498_sidx_792_eps_0.0039.log"
74,"onnx/CIFAR100_resnet_medium.onnx","vnnlib/CIFAR100_resnet_medium_prop_idx_3898_sidx_9109_eps_0.0039.vnnlib",100,100,13.56,"unsupported_strict","unsupported_strict",0,"/data1/Kane/ACT/audit_results/nnv_strict_20260527/cifar100_2024/0074__CIFAR100_resnet_medium__CIFAR100_resnet_medium_prop_idx_3898_sidx_9109_eps_0.0039.result","/data1/Kane/ACT/audit_results/nnv_strict_20260527/cifar100_2024/0074__CIFAR100_resnet_medium__CIFAR100_resnet_medium_prop_idx_3898_sidx_9109_eps_0.0039.log"
75,"onnx/CIFAR100_resnet_medium.onnx","vnnlib/CIFAR100_resnet_medium_prop_idx_854_sidx_6893_eps_0.0039.vnnlib",100,100,11.71,"unsupported_strict","unsupported_strict",0,"/data1/Kane/ACT/audit_results/nnv_strict_20260527/cifar100_2024/0075__CIFAR100_resnet_medium__CIFAR100_resnet_medium_prop_idx_854_sidx_6893_eps_0.0039.result","/data1/Kane/ACT/audit_results/nnv_strict_20260527/cifar100_2024/0075__CIFAR100_resnet_medium__CIFAR100_resnet_medium_prop_idx_854_sidx_6893_eps_0.0039.log"
76,"onnx/CIFAR100_resnet_medium.onnx","vnnlib/CIFAR100_resnet_medium_prop_idx_9502_sidx_7197_eps_0.0039.vnnlib",100,100,13.96,"unsupported_strict","unsupported_strict",0,"/data1/Kane/ACT/audit_results/nnv_strict_20260527/cifar100_2024/0076__CIFAR100_resnet_medium__CIFAR100_resnet_medium_prop_idx_9502_sidx_7197_eps_0.0039.result","/data1/Kane/ACT/audit_results/nnv_strict_20260527/cifar100_2024/0076__CIFAR100_resnet_medium__CIFAR100_resnet_medium_prop_idx_9502_sidx_7197_eps_0.0039.log"
77,"onnx/CIFAR100_resnet_medium.onnx","vnnlib/CIFAR100_resnet_medium_prop_idx_2551_sidx_9941_eps_0.0039.vnnlib",100,100,12.43,"unsupported_strict","unsupported_strict",0,"/data1/Kane/ACT/audit_results/nnv_strict_20260527/cifar100_2024/0077__CIFAR100_resnet_medium__CIFAR100_resnet_medium_prop_idx_2551_sidx_9941_eps_0.0039.result","/data1/Kane/ACT/audit_results/nnv_strict_20260527/cifar100_2024/0077__CIFAR100_resnet_medium__CIFAR100_resnet_medium_prop_idx_2551_sidx_9941_eps_0.0039.log"
78,"onnx/CIFAR100_resnet_medium.onnx","vnnlib/CIFAR100_resnet_medium_prop_idx_7658_sidx_1537_eps_0.0039.vnnlib",100,100,13.61,"unsupported_strict","unsupported_strict",0,"/data1/Kane/ACT/audit_results/nnv_strict_20260527/cifar100_2024/0078__CIFAR100_resnet_medium__CIFAR100_resnet_medium_prop_idx_7658_sidx_1537_eps_0.0039.result","/data1/Kane/ACT/audit_results/nnv_strict_20260527/cifar100_2024/0078__CIFAR100_resnet_medium__CIFAR100_resnet_medium_prop_idx_7658_sidx_1537_eps_0.0039.log"
79,"onnx/CIFAR100_resnet_medium.onnx","vnnlib/CIFAR100_resnet_medium_prop_idx_9726_sidx_4400_eps_0.0039.vnnlib",100,100,13.34,"unsupported_strict","unsupported_strict",0,"/data1/Kane/ACT/audit_results/nnv_strict_20260527/cifar100_2024/0079__CIFAR100_resnet_medium__CIFAR100_resnet_medium_prop_idx_9726_sidx_4400_eps_0.0039.result","/data1/Kane/ACT/audit_results/nnv_strict_20260527/cifar100_2024/0079__CIFAR100_resnet_medium__CIFAR100_resnet_medium_prop_idx_9726_sidx_4400_eps_0.0039.log"
80,"onnx/CIFAR100_resnet_medium.onnx","vnnlib/CIFAR100_resnet_medium_prop_idx_9313_sidx_6462_eps_0.0039.vnnlib",100,100,13.38,"unsupported_strict","unsupported_strict",0,"/data1/Kane/ACT/audit_results/nnv_strict_20260527/cifar100_2024/0080__CIFAR100_resnet_medium__CIFAR100_resnet_medium_prop_idx_9313_sidx_6462_eps_0.0039.result","/data1/Kane/ACT/audit_results/nnv_strict_20260527/cifar100_2024/0080__CIFAR100_resnet_medium__CIFAR100_resnet_medium_prop_idx_9313_sidx_6462_eps_0.0039.log"
81,"onnx/CIFAR100_resnet_medium.onnx","vnnlib/CIFAR100_resnet_medium_prop_idx_815_sidx_1902_eps_0.0039.vnnlib",100,100,13.65,"unsupported_strict","unsupported_strict",0,"/data1/Kane/ACT/audit_results/nnv_strict_20260527/cifar100_2024/0081__CIFAR100_resnet_medium__CIFAR100_resnet_medium_prop_idx_815_sidx_1902_eps_0.0039.result","/data1/Kane/ACT/audit_results/nnv_strict_20260527/cifar100_2024/0081__CIFAR100_resnet_medium__CIFAR100_resnet_medium_prop_idx_815_sidx_1902_eps_0.0039.log"
82,"onnx/CIFAR100_resnet_medium.onnx","vnnlib/CIFAR100_resnet_medium_prop_idx_6491_sidx_3620_eps_0.0039.vnnlib",100,100,13.03,"unsupported_strict","unsupported_strict",0,"/data1/Kane/ACT/audit_results/nnv_strict_20260527/cifar100_2024/0082__CIFAR100_resnet_medium__CIFAR100_resnet_medium_prop_idx_6491_sidx_3620_eps_0.0039.result","/data1/Kane/ACT/audit_results/nnv_strict_20260527/cifar100_2024/0082__CIFAR100_resnet_medium__CIFAR100_resnet_medium_prop_idx_6491_sidx_3620_eps_0.0039.log"
83,"onnx/CIFAR100_resnet_medium.onnx","vnnlib/CIFAR100_resnet_medium_prop_idx_4605_sidx_6225_eps_0.0039.vnnlib",100,100,13.32,"unsupported_strict","unsupported_strict",0,"/data1/Kane/ACT/audit_results/nnv_strict_20260527/cifar100_2024/0083__CIFAR100_resnet_medium__CIFAR100_resnet_medium_prop_idx_4605_sidx_6225_eps_0.0039.result","/data1/Kane/ACT/audit_results/nnv_strict_20260527/cifar100_2024/0083__CIFAR100_resnet_medium__CIFAR100_resnet_medium_prop_idx_4605_sidx_6225_eps_0.0039.log"
84,"onnx/CIFAR100_resnet_medium.onnx","vnnlib/CIFAR100_resnet_medium_prop_idx_2352_sidx_2704_eps_0.0039.vnnlib",100,100,13.96,"unsupported_strict","unsupported_strict",0,"/data1/Kane/ACT/audit_results/nnv_strict_20260527/cifar100_2024/0084__CIFAR100_resnet_medium__CIFAR100_resnet_medium_prop_idx_2352_sidx_2704_eps_0.0039.result","/data1/Kane/ACT/audit_results/nnv_strict_20260527/cifar100_2024/0084__CIFAR100_resnet_medium__CIFAR100_resnet_medium_prop_idx_2352_sidx_2704_eps_0.0039.log"
85,"onnx/CIFAR100_resnet_medium.onnx","vnnlib/CIFAR100_resnet_medium_prop_idx_1642_sidx_7494_eps_0.0039.vnnlib",100,100,13.23,"unsupported_strict","unsupported_strict",0,"/data1/Kane/ACT/audit_results/nnv_strict_20260527/cifar100_2024/0085__CIFAR100_resnet_medium__CIFAR100_resnet_medium_prop_idx_1642_sidx_7494_eps_0.0039.result","/data1/Kane/ACT/audit_results/nnv_strict_20260527/cifar100_2024/0085__CIFAR100_resnet_medium__CIFAR100_resnet_medium_prop_idx_1642_sidx_7494_eps_0.0039.log"
86,"onnx/CIFAR100_resnet_medium.onnx","vnnlib/CIFAR100_resnet_medium_prop_idx_8502_sidx_2893_eps_0.0039.vnnlib",100,100,13.20,"unsupported_strict","unsupported_strict",0,"/data1/Kane/ACT/audit_results/nnv_strict_20260527/cifar100_2024/0086__CIFAR100_resnet_medium__CIFAR100_resnet_medium_prop_idx_8502_sidx_2893_eps_0.0039.result","/data1/Kane/ACT/audit_results/nnv_strict_20260527/cifar100_2024/0086__CIFAR100_resnet_medium__CIFAR100_resnet_medium_prop_idx_8502_sidx_2893_eps_0.0039.log"
87,"onnx/CIFAR100_resnet_medium.onnx","vnnlib/CIFAR100_resnet_medium_prop_idx_4964_sidx_5266_eps_0.0039.vnnlib",100,100,13.84,"unsupported_strict","unsupported_strict",0,"/data1/Kane/ACT/audit_results/nnv_strict_20260527/cifar100_2024/0087__CIFAR100_resnet_medium__CIFAR100_resnet_medium_prop_idx_4964_sidx_5266_eps_0.0039.result","/data1/Kane/ACT/audit_results/nnv_strict_20260527/cifar100_2024/0087__CIFAR100_resnet_medium__CIFAR100_resnet_medium_prop_idx_4964_sidx_5266_eps_0.0039.log"
88,"onnx/CIFAR100_resnet_medium.onnx","vnnlib/CIFAR100_resnet_medium_prop_idx_6369_sidx_8824_eps_0.0039.vnnlib",100,100,12.00,"unsupported_strict","unsupported_strict",0,"/data1/Kane/ACT/audit_results/nnv_strict_20260527/cifar100_2024/0088__CIFAR100_resnet_medium__CIFAR100_resnet_medium_prop_idx_6369_sidx_8824_eps_0.0039.result","/data1/Kane/ACT/audit_results/nnv_strict_20260527/cifar100_2024/0088__CIFAR100_resnet_medium__CIFAR100_resnet_medium_prop_idx_6369_sidx_8824_eps_0.0039.log"
89,"onnx/CIFAR100_resnet_medium.onnx","vnnlib/CIFAR100_resnet_medium_prop_idx_966_sidx_2330_eps_0.0039.vnnlib",100,100,13.95,"unsupported_strict","unsupported_strict",0,"/data1/Kane/ACT/audit_results/nnv_strict_20260527/cifar100_2024/0089__CIFAR100_resnet_medium__CIFAR100_resnet_medium_prop_idx_966_sidx_2330_eps_0.0039.result","/data1/Kane/ACT/audit_results/nnv_strict_20260527/cifar100_2024/0089__CIFAR100_resnet_medium__CIFAR100_resnet_medium_prop_idx_966_sidx_2330_eps_0.0039.log"
90,"onnx/CIFAR100_resnet_medium.onnx","vnnlib/CIFAR100_resnet_medium_prop_idx_9162_sidx_4337_eps_0.0039.vnnlib",100,100,12.46,"unsupported_strict","unsupported_strict",0,"/data1/Kane/ACT/audit_results/nnv_strict_20260527/cifar100_2024/0090__CIFAR100_resnet_medium__CIFAR100_resnet_medium_prop_idx_9162_sidx_4337_eps_0.0039.result","/data1/Kane/ACT/audit_results/nnv_strict_20260527/cifar100_2024/0090__CIFAR100_resnet_medium__CIFAR100_resnet_medium_prop_idx_9162_sidx_4337_eps_0.0039.log"
91,"onnx/CIFAR100_resnet_medium.onnx","vnnlib/CIFAR100_resnet_medium_prop_idx_425_sidx_9099_eps_0.0039.vnnlib",100,100,13.76,"unsupported_strict","unsupported_strict",0,"/data1/Kane/ACT/audit_results/nnv_strict_20260527/cifar100_2024/0091__CIFAR100_resnet_medium__CIFAR100_resnet_medium_prop_idx_425_sidx_9099_eps_0.0039.result","/data1/Kane/ACT/audit_results/nnv_strict_20260527/cifar100_2024/0091__CIFAR100_resnet_medium__CIFAR100_resnet_medium_prop_idx_425_sidx_9099_eps_0.0039.log"
92,"onnx/CIFAR100_resnet_medium.onnx","vnnlib/CIFAR100_resnet_medium_prop_idx_4898_sidx_6695_eps_0.0039.vnnlib",100,100,13.17,"unsupported_strict","unsupported_strict",0,"/data1/Kane/ACT/audit_results/nnv_strict_20260527/cifar100_2024/0092__CIFAR100_resnet_medium__CIFAR100_resnet_medium_prop_idx_4898_sidx_6695_eps_0.0039.result","/data1/Kane/ACT/audit_results/nnv_strict_20260527/cifar100_2024/0092__CIFAR100_resnet_medium__CIFAR100_resnet_medium_prop_idx_4898_sidx_6695_eps_0.0039.log"
93,"onnx/CIFAR100_resnet_medium.onnx","vnnlib/CIFAR100_resnet_medium_prop_idx_7500_sidx_40_eps_0.0039.vnnlib",100,100,12.56,"unsupported_strict","unsupported_strict",0,"/data1/Kane/ACT/audit_results/nnv_strict_20260527/cifar100_2024/0093__CIFAR100_resnet_medium__CIFAR100_resnet_medium_prop_idx_7500_sidx_40_eps_0.0039.result","/data1/Kane/ACT/audit_results/nnv_strict_20260527/cifar100_2024/0093__CIFAR100_resnet_medium__CIFAR100_resnet_medium_prop_idx_7500_sidx_40_eps_0.0039.log"
94,"onnx/CIFAR100_resnet_medium.onnx","vnnlib/CIFAR100_resnet_medium_prop_idx_7176_sidx_1522_eps_0.0039.vnnlib",100,100,13.41,"unsupported_strict","unsupported_strict",0,"/data1/Kane/ACT/audit_results/nnv_strict_20260527/cifar100_2024/0094__CIFAR100_resnet_medium__CIFAR100_resnet_medium_prop_idx_7176_sidx_1522_eps_0.0039.result","/data1/Kane/ACT/audit_results/nnv_strict_20260527/cifar100_2024/0094__CIFAR100_resnet_medium__CIFAR100_resnet_medium_prop_idx_7176_sidx_1522_eps_0.0039.log"
95,"onnx/CIFAR100_resnet_medium.onnx","vnnlib/CIFAR100_resnet_medium_prop_idx_2050_sidx_8228_eps_0.0039.vnnlib",100,100,14.01,"unsupported_strict","unsupported_strict",0,"/data1/Kane/ACT/audit_results/nnv_strict_20260527/cifar100_2024/0095__CIFAR100_resnet_medium__CIFAR100_resnet_medium_prop_idx_2050_sidx_8228_eps_0.0039.result","/data1/Kane/ACT/audit_results/nnv_strict_20260527/cifar100_2024/0095__CIFAR100_resnet_medium__CIFAR100_resnet_medium_prop_idx_2050_sidx_8228_eps_0.0039.log"
96,"onnx/CIFAR100_resnet_medium.onnx","vnnlib/CIFAR100_resnet_medium_prop_idx_7470_sidx_4555_eps_0.0039.vnnlib",100,100,13.65,"unsupported_strict","unsupported_strict",0,"/data1/Kane/ACT/audit_results/nnv_strict_20260527/cifar100_2024/0096__CIFAR100_resnet_medium__CIFAR100_resnet_medium_prop_idx_7470_sidx_4555_eps_0.0039.result","/data1/Kane/ACT/audit_results/nnv_strict_20260527/cifar100_2024/0096__CIFAR100_resnet_medium__CIFAR100_resnet_medium_prop_idx_7470_sidx_4555_eps_0.0039.log"
97,"onnx/CIFAR100_resnet_medium.onnx","vnnlib/CIFAR100_resnet_medium_prop_idx_5797_sidx_6343_eps_0.0039.vnnlib",100,100,13.69,"unsupported_strict","unsupported_strict",0,"/data1/Kane/ACT/audit_results/nnv_strict_20260527/cifar100_2024/0097__CIFAR100_resnet_medium__CIFAR100_resnet_medium_prop_idx_5797_sidx_6343_eps_0.0039.result","/data1/Kane/ACT/audit_results/nnv_strict_20260527/cifar100_2024/0097__CIFAR100_resnet_medium__CIFAR100_resnet_medium_prop_idx_5797_sidx_6343_eps_0.0039.log"
98,"onnx/CIFAR100_resnet_medium.onnx","vnnlib/CIFAR100_resnet_medium_prop_idx_5894_sidx_5577_eps_0.0039.vnnlib",100,100,13.51,"unsupported_strict","unsupported_strict",0,"/data1/Kane/ACT/audit_results/nnv_strict_20260527/cifar100_2024/0098__CIFAR100_resnet_medium__CIFAR100_resnet_medium_prop_idx_5894_sidx_5577_eps_0.0039.result","/data1/Kane/ACT/audit_results/nnv_strict_20260527/cifar100_2024/0098__CIFAR100_resnet_medium__CIFAR100_resnet_medium_prop_idx_5894_sidx_5577_eps_0.0039.log"
99,"onnx/CIFAR100_resnet_medium.onnx","vnnlib/CIFAR100_resnet_medium_prop_idx_3852_sidx_2848_eps_0.0039.vnnlib",100,100,13.72,"unsupported_strict","unsupported_strict",0,"/data1/Kane/ACT/audit_results/nnv_strict_20260527/cifar100_2024/0099__CIFAR100_resnet_medium__CIFAR100_resnet_medium_prop_idx_3852_sidx_2848_eps_0.0039.result","/data1/Kane/ACT/audit_results/nnv_strict_20260527/cifar100_2024/0099__CIFAR100_resnet_medium__CIFAR100_resnet_medium_prop_idx_3852_sidx_2848_eps_0.0039.log"
100,"onnx/CIFAR100_resnet_medium.onnx","vnnlib/CIFAR100_resnet_medium_prop_idx_2925_sidx_8815_eps_0.0039.vnnlib",100,100,12.17,"unsupported_strict","unsupported_strict",0,"/data1/Kane/ACT/audit_results/nnv_strict_20260527/cifar100_2024/0100__CIFAR100_resnet_medium__CIFAR100_resnet_medium_prop_idx_2925_sidx_8815_eps_0.0039.result","/data1/Kane/ACT/audit_results/nnv_strict_20260527/cifar100_2024/0100__CIFAR100_resnet_medium__CIFAR100_resnet_medium_prop_idx_2925_sidx_8815_eps_0.0039.log"
101,"onnx/CIFAR100_resnet_large.onnx","vnnlib/CIFAR100_resnet_large_prop_idx_496_sidx_1194_eps_0.0039.vnnlib",100,100,12.41,"unsupported_strict","unsupported_strict",0,"/data1/Kane/ACT/audit_results/nnv_strict_20260527/cifar100_2024/0101__CIFAR100_resnet_large__CIFAR100_resnet_large_prop_idx_496_sidx_1194_eps_0.0039.result","/data1/Kane/ACT/audit_results/nnv_strict_20260527/cifar100_2024/0101__CIFAR100_resnet_large__CIFAR100_resnet_large_prop_idx_496_sidx_1194_eps_0.0039.log"
102,"onnx/CIFAR100_resnet_large.onnx","vnnlib/CIFAR100_resnet_large_prop_idx_4385_sidx_9116_eps_0.0039.vnnlib",100,100,13.18,"unsupported_strict","unsupported_strict",0,"/data1/Kane/ACT/audit_results/nnv_strict_20260527/cifar100_2024/0102__CIFAR100_resnet_large__CIFAR100_resnet_large_prop_idx_4385_sidx_9116_eps_0.0039.result","/data1/Kane/ACT/audit_results/nnv_strict_20260527/cifar100_2024/0102__CIFAR100_resnet_large__CIFAR100_resnet_large_prop_idx_4385_sidx_9116_eps_0.0039.log"
103,"onnx/CIFAR100_resnet_large.onnx","vnnlib/CIFAR100_resnet_large_prop_idx_5308_sidx_1650_eps_0.0039.vnnlib",100,100,12.35,"unsupported_strict","unsupported_strict",0,"/data1/Kane/ACT/audit_results/nnv_strict_20260527/cifar100_2024/0103__CIFAR100_resnet_large__CIFAR100_resnet_large_prop_idx_5308_sidx_1650_eps_0.0039.result","/data1/Kane/ACT/audit_results/nnv_strict_20260527/cifar100_2024/0103__CIFAR100_resnet_large__CIFAR100_resnet_large_prop_idx_5308_sidx_1650_eps_0.0039.log"
104,"onnx/CIFAR100_resnet_large.onnx","vnnlib/CIFAR100_resnet_large_prop_idx_4757_sidx_803_eps_0.0039.vnnlib",100,100,12.45,"unsupported_strict","unsupported_strict",0,"/data1/Kane/ACT/audit_results/nnv_strict_20260527/cifar100_2024/0104__CIFAR100_resnet_large__CIFAR100_resnet_large_prop_idx_4757_sidx_803_eps_0.0039.result","/data1/Kane/ACT/audit_results/nnv_strict_20260527/cifar100_2024/0104__CIFAR100_resnet_large__CIFAR100_resnet_large_prop_idx_4757_sidx_803_eps_0.0039.log"
105,"onnx/CIFAR100_resnet_large.onnx","vnnlib/CIFAR100_resnet_large_prop_idx_4227_sidx_5883_eps_0.0039.vnnlib",100,100,13.15,"unsupported_strict","unsupported_strict",0,"/data1/Kane/ACT/audit_results/nnv_strict_20260527/cifar100_2024/0105__CIFAR100_resnet_large__CIFAR100_resnet_large_prop_idx_4227_sidx_5883_eps_0.0039.result","/data1/Kane/ACT/audit_results/nnv_strict_20260527/cifar100_2024/0105__CIFAR100_resnet_large__CIFAR100_resnet_large_prop_idx_4227_sidx_5883_eps_0.0039.log"
106,"onnx/CIFAR100_resnet_large.onnx","vnnlib/CIFAR100_resnet_large_prop_idx_8589_sidx_3105_eps_0.0039.vnnlib",100,100,12.16,"unsupported_strict","unsupported_strict",0,"/data1/Kane/ACT/audit_results/nnv_strict_20260527/cifar100_2024/0106__CIFAR100_resnet_large__CIFAR100_resnet_large_prop_idx_8589_sidx_3105_eps_0.0039.result","/data1/Kane/ACT/audit_results/nnv_strict_20260527/cifar100_2024/0106__CIFAR100_resnet_large__CIFAR100_resnet_large_prop_idx_8589_sidx_3105_eps_0.0039.log"
107,"onnx/CIFAR100_resnet_large.onnx","vnnlib/CIFAR100_resnet_large_prop_idx_8476_sidx_3906_eps_0.0039.vnnlib",100,100,13.79,"unsupported_strict","unsupported_strict",0,"/data1/Kane/ACT/audit_results/nnv_strict_20260527/cifar100_2024/0107__CIFAR100_resnet_large__CIFAR100_resnet_large_prop_idx_8476_sidx_3906_eps_0.0039.result","/data1/Kane/ACT/audit_results/nnv_strict_20260527/cifar100_2024/0107__CIFAR100_resnet_large__CIFAR100_resnet_large_prop_idx_8476_sidx_3906_eps_0.0039.log"
108,"onnx/CIFAR100_resnet_large.onnx","vnnlib/CIFAR100_resnet_large_prop_idx_1456_sidx_5797_eps_0.0039.vnnlib",100,100,13.22,"unsupported_strict","unsupported_strict",0,"/data1/Kane/ACT/audit_results/nnv_strict_20260527/cifar100_2024/0108__CIFAR100_resnet_large__CIFAR100_resnet_large_prop_idx_1456_sidx_5797_eps_0.0039.result","/data1/Kane/ACT/audit_results/nnv_strict_20260527/cifar100_2024/0108__CIFAR100_resnet_large__CIFAR100_resnet_large_prop_idx_1456_sidx_5797_eps_0.0039.log"
109,"onnx/CIFAR100_resnet_large.onnx","vnnlib/CIFAR100_resnet_large_prop_idx_998_sidx_7605_eps_0.0039.vnnlib",100,100,11.94,"unsupported_strict","unsupported_strict",0,"/data1/Kane/ACT/audit_results/nnv_strict_20260527/cifar100_2024/0109__CIFAR100_resnet_large__CIFAR100_resnet_large_prop_idx_998_sidx_7605_eps_0.0039.result","/data1/Kane/ACT/audit_results/nnv_strict_20260527/cifar100_2024/0109__CIFAR100_resnet_large__CIFAR100_resnet_large_prop_idx_998_sidx_7605_eps_0.0039.log"
110,"onnx/CIFAR100_resnet_large.onnx","vnnlib/CIFAR100_resnet_large_prop_idx_9778_sidx_7516_eps_0.0039.vnnlib",100,100,12.61,"unsupported_strict","unsupported_strict",0,"/data1/Kane/ACT/audit_results/nnv_strict_20260527/cifar100_2024/0110__CIFAR100_resnet_large__CIFAR100_resnet_large_prop_idx_9778_sidx_7516_eps_0.0039.result","/data1/Kane/ACT/audit_results/nnv_strict_20260527/cifar100_2024/0110__CIFAR100_resnet_large__CIFAR100_resnet_large_prop_idx_9778_sidx_7516_eps_0.0039.log"
111,"onnx/CIFAR100_resnet_large.onnx","vnnlib/CIFAR100_resnet_large_prop_idx_1063_sidx_7948_eps_0.0039.vnnlib",100,100,14.11,"unsupported_strict","unsupported_strict",0,"/data1/Kane/ACT/audit_results/nnv_strict_20260527/cifar100_2024/0111__CIFAR100_resnet_large__CIFAR100_resnet_large_prop_idx_1063_sidx_7948_eps_0.0039.result","/data1/Kane/ACT/audit_results/nnv_strict_20260527/cifar100_2024/0111__CIFAR100_resnet_large__CIFAR100_resnet_large_prop_idx_1063_sidx_7948_eps_0.0039.log"
112,"onnx/CIFAR100_resnet_large.onnx","vnnlib/CIFAR100_resnet_large_prop_idx_1426_sidx_3855_eps_0.0039.vnnlib",100,100,13.56,"unsupported_strict","unsupported_strict",0,"/data1/Kane/ACT/audit_results/nnv_strict_20260527/cifar100_2024/0112__CIFAR100_resnet_large__CIFAR100_resnet_large_prop_idx_1426_sidx_3855_eps_0.0039.result","/data1/Kane/ACT/audit_results/nnv_strict_20260527/cifar100_2024/0112__CIFAR100_resnet_large__CIFAR100_resnet_large_prop_idx_1426_sidx_3855_eps_0.0039.log"
113,"onnx/CIFAR100_resnet_large.onnx","vnnlib/CIFAR100_resnet_large_prop_idx_3355_sidx_212_eps_0.0039.vnnlib",100,100,12.34,"unsupported_strict","unsupported_strict",0,"/data1/Kane/ACT/audit_results/nnv_strict_20260527/cifar100_2024/0113__CIFAR100_resnet_large__CIFAR100_resnet_large_prop_idx_3355_sidx_212_eps_0.0039.result","/data1/Kane/ACT/audit_results/nnv_strict_20260527/cifar100_2024/0113__CIFAR100_resnet_large__CIFAR100_resnet_large_prop_idx_3355_sidx_212_eps_0.0039.log"
114,"onnx/CIFAR100_resnet_large.onnx","vnnlib/CIFAR100_resnet_large_prop_idx_1439_sidx_8354_eps_0.0039.vnnlib",100,100,13.92,"unsupported_strict","unsupported_strict",0,"/data1/Kane/ACT/audit_results/nnv_strict_20260527/cifar100_2024/0114__CIFAR100_resnet_large__CIFAR100_resnet_large_prop_idx_1439_sidx_8354_eps_0.0039.result","/data1/Kane/ACT/audit_results/nnv_strict_20260527/cifar100_2024/0114__CIFAR100_resnet_large__CIFAR100_resnet_large_prop_idx_1439_sidx_8354_eps_0.0039.log"
115,"onnx/CIFAR100_resnet_large.onnx","vnnlib/CIFAR100_resnet_large_prop_idx_3585_sidx_3469_eps_0.0039.vnnlib",100,100,14.31,"unsupported_strict","unsupported_strict",0,"/data1/Kane/ACT/audit_results/nnv_strict_20260527/cifar100_2024/0115__CIFAR100_resnet_large__CIFAR100_resnet_large_prop_idx_3585_sidx_3469_eps_0.0039.result","/data1/Kane/ACT/audit_results/nnv_strict_20260527/cifar100_2024/0115__CIFAR100_resnet_large__CIFAR100_resnet_large_prop_idx_3585_sidx_3469_eps_0.0039.log"
116,"onnx/CIFAR100_resnet_large.onnx","vnnlib/CIFAR100_resnet_large_prop_idx_2636_sidx_1992_eps_0.0039.vnnlib",100,100,15.56,"unsupported_strict","unsupported_strict",0,"/data1/Kane/ACT/audit_results/nnv_strict_20260527/cifar100_2024/0116__CIFAR100_resnet_large__CIFAR100_resnet_large_prop_idx_2636_sidx_1992_eps_0.0039.result","/data1/Kane/ACT/audit_results/nnv_strict_20260527/cifar100_2024/0116__CIFAR100_resnet_large__CIFAR100_resnet_large_prop_idx_2636_sidx_1992_eps_0.0039.log"
117,"onnx/CIFAR100_resnet_large.onnx","vnnlib/CIFAR100_resnet_large_prop_idx_6101_sidx_3593_eps_0.0039.vnnlib",100,100,13.08,"unsupported_strict","unsupported_strict",0,"/data1/Kane/ACT/audit_results/nnv_strict_20260527/cifar100_2024/0117__CIFAR100_resnet_large__CIFAR100_resnet_large_prop_idx_6101_sidx_3593_eps_0.0039.result","/data1/Kane/ACT/audit_results/nnv_strict_20260527/cifar100_2024/0117__CIFAR100_resnet_large__CIFAR100_resnet_large_prop_idx_6101_sidx_3593_eps_0.0039.log"
118,"onnx/CIFAR100_resnet_large.onnx","vnnlib/CIFAR100_resnet_large_prop_idx_1059_sidx_6596_eps_0.0039.vnnlib",100,100,13.26,"unsupported_strict","unsupported_strict",0,"/data1/Kane/ACT/audit_results/nnv_strict_20260527/cifar100_2024/0118__CIFAR100_resnet_large__CIFAR100_resnet_large_prop_idx_1059_sidx_6596_eps_0.0039.result","/data1/Kane/ACT/audit_results/nnv_strict_20260527/cifar100_2024/0118__CIFAR100_resnet_large__CIFAR100_resnet_large_prop_idx_1059_sidx_6596_eps_0.0039.log"
119,"onnx/CIFAR100_resnet_large.onnx","vnnlib/CIFAR100_resnet_large_prop_idx_9773_sidx_3718_eps_0.0039.vnnlib",100,100,11.75,"unsupported_strict","unsupported_strict",0,"/data1/Kane/ACT/audit_results/nnv_strict_20260527/cifar100_2024/0119__CIFAR100_resnet_large__CIFAR100_resnet_large_prop_idx_9773_sidx_3718_eps_0.0039.result","/data1/Kane/ACT/audit_results/nnv_strict_20260527/cifar100_2024/0119__CIFAR100_resnet_large__CIFAR100_resnet_large_prop_idx_9773_sidx_3718_eps_0.0039.log"
120,"onnx/CIFAR100_resnet_large.onnx","vnnlib/CIFAR100_resnet_large_prop_idx_7890_sidx_4421_eps_0.0039.vnnlib",100,100,13.15,"unsupported_strict","unsupported_strict",0,"/data1/Kane/ACT/audit_results/nnv_strict_20260527/cifar100_2024/0120__CIFAR100_resnet_large__CIFAR100_resnet_large_prop_idx_7890_sidx_4421_eps_0.0039.result","/data1/Kane/ACT/audit_results/nnv_strict_20260527/cifar100_2024/0120__CIFAR100_resnet_large__CIFAR100_resnet_large_prop_idx_7890_sidx_4421_eps_0.0039.log"
121,"onnx/CIFAR100_resnet_large.onnx","vnnlib/CIFAR100_resnet_large_prop_idx_2993_sidx_2485_eps_0.0039.vnnlib",100,100,13.14,"unsupported_strict","unsupported_strict",0,"/data1/Kane/ACT/audit_results/nnv_strict_20260527/cifar100_2024/0121__CIFAR100_resnet_large__CIFAR100_resnet_large_prop_idx_2993_sidx_2485_eps_0.0039.result","/data1/Kane/ACT/audit_results/nnv_strict_20260527/cifar100_2024/0121__CIFAR100_resnet_large__CIFAR100_resnet_large_prop_idx_2993_sidx_2485_eps_0.0039.log"
122,"onnx/CIFAR100_resnet_large.onnx","vnnlib/CIFAR100_resnet_large_prop_idx_1105_sidx_9000_eps_0.0039.vnnlib",100,100,12.67,"unsupported_strict","unsupported_strict",0,"/data1/Kane/ACT/audit_results/nnv_strict_20260527/cifar100_2024/0122__CIFAR100_resnet_large__CIFAR100_resnet_large_prop_idx_1105_sidx_9000_eps_0.0039.result","/data1/Kane/ACT/audit_results/nnv_strict_20260527/cifar100_2024/0122__CIFAR100_resnet_large__CIFAR100_resnet_large_prop_idx_1105_sidx_9000_eps_0.0039.log"
123,"onnx/CIFAR100_resnet_large.onnx","vnnlib/CIFAR100_resnet_large_prop_idx_383_sidx_3388_eps_0.0039.vnnlib",100,100,13.43,"unsupported_strict","unsupported_strict",0,"/data1/Kane/ACT/audit_results/nnv_strict_20260527/cifar100_2024/0123__CIFAR100_resnet_large__CIFAR100_resnet_large_prop_idx_383_sidx_3388_eps_0.0039.result","/data1/Kane/ACT/audit_results/nnv_strict_20260527/cifar100_2024/0123__CIFAR100_resnet_large__CIFAR100_resnet_large_prop_idx_383_sidx_3388_eps_0.0039.log"
124,"onnx/CIFAR100_resnet_large.onnx","vnnlib/CIFAR100_resnet_large_prop_idx_6341_sidx_3142_eps_0.0039.vnnlib",100,100,13.60,"unsupported_strict","unsupported_strict",0,"/data1/Kane/ACT/audit_results/nnv_strict_20260527/cifar100_2024/0124__CIFAR100_resnet_large__CIFAR100_resnet_large_prop_idx_6341_sidx_3142_eps_0.0039.result","/data1/Kane/ACT/audit_results/nnv_strict_20260527/cifar100_2024/0124__CIFAR100_resnet_large__CIFAR100_resnet_large_prop_idx_6341_sidx_3142_eps_0.0039.log"
125,"onnx/CIFAR100_resnet_large.onnx","vnnlib/CIFAR100_resnet_large_prop_idx_2132_sidx_6868_eps_0.0039.vnnlib",100,100,13.90,"unsupported_strict","unsupported_strict",0,"/data1/Kane/ACT/audit_results/nnv_strict_20260527/cifar100_2024/0125__CIFAR100_resnet_large__CIFAR100_resnet_large_prop_idx_2132_sidx_6868_eps_0.0039.result","/data1/Kane/ACT/audit_results/nnv_strict_20260527/cifar100_2024/0125__CIFAR100_resnet_large__CIFAR100_resnet_large_prop_idx_2132_sidx_6868_eps_0.0039.log"
126,"onnx/CIFAR100_resnet_large.onnx","vnnlib/CIFAR100_resnet_large_prop_idx_3443_sidx_918_eps_0.0039.vnnlib",100,100,12.66,"unsupported_strict","unsupported_strict",0,"/data1/Kane/ACT/audit_results/nnv_strict_20260527/cifar100_2024/0126__CIFAR100_resnet_large__CIFAR100_resnet_large_prop_idx_3443_sidx_918_eps_0.0039.result","/data1/Kane/ACT/audit_results/nnv_strict_20260527/cifar100_2024/0126__CIFAR100_resnet_large__CIFAR100_resnet_large_prop_idx_3443_sidx_918_eps_0.0039.log"
127,"onnx/CIFAR100_resnet_large.onnx","vnnlib/CIFAR100_resnet_large_prop_idx_8119_sidx_972_eps_0.0039.vnnlib",100,100,13.68,"unsupported_strict","unsupported_strict",0,"/data1/Kane/ACT/audit_results/nnv_strict_20260527/cifar100_2024/0127__CIFAR100_resnet_large__CIFAR100_resnet_large_prop_idx_8119_sidx_972_eps_0.0039.result","/data1/Kane/ACT/audit_results/nnv_strict_20260527/cifar100_2024/0127__CIFAR100_resnet_large__CIFAR100_resnet_large_prop_idx_8119_sidx_972_eps_0.0039.log"
128,"onnx/CIFAR100_resnet_large.onnx","vnnlib/CIFAR100_resnet_large_prop_idx_484_sidx_161_eps_0.0039.vnnlib",100,100,12.31,"unsupported_strict","unsupported_strict",0,"/data1/Kane/ACT/audit_results/nnv_strict_20260527/cifar100_2024/0128__CIFAR100_resnet_large__CIFAR100_resnet_large_prop_idx_484_sidx_161_eps_0.0039.result","/data1/Kane/ACT/audit_results/nnv_strict_20260527/cifar100_2024/0128__CIFAR100_resnet_large__CIFAR100_resnet_large_prop_idx_484_sidx_161_eps_0.0039.log"
129,"onnx/CIFAR100_resnet_large.onnx","vnnlib/CIFAR100_resnet_large_prop_idx_62_sidx_313_eps_0.0039.vnnlib",100,100,12.91,"unsupported_strict","unsupported_strict",0,"/data1/Kane/ACT/audit_results/nnv_strict_20260527/cifar100_2024/0129__CIFAR100_resnet_large__CIFAR100_resnet_large_prop_idx_62_sidx_313_eps_0.0039.result","/data1/Kane/ACT/audit_results/nnv_strict_20260527/cifar100_2024/0129__CIFAR100_resnet_large__CIFAR100_resnet_large_prop_idx_62_sidx_313_eps_0.0039.log"
130,"onnx/CIFAR100_resnet_large.onnx","vnnlib/CIFAR100_resnet_large_prop_idx_6269_sidx_6873_eps_0.0039.vnnlib",100,100,13.96,"unsupported_strict","unsupported_strict",0,"/data1/Kane/ACT/audit_results/nnv_strict_20260527/cifar100_2024/0130__CIFAR100_resnet_large__CIFAR100_resnet_large_prop_idx_6269_sidx_6873_eps_0.0039.result","/data1/Kane/ACT/audit_results/nnv_strict_20260527/cifar100_2024/0130__CIFAR100_resnet_large__CIFAR100_resnet_large_prop_idx_6269_sidx_6873_eps_0.0039.log"
131,"onnx/CIFAR100_resnet_large.onnx","vnnlib/CIFAR100_resnet_large_prop_idx_3703_sidx_3842_eps_0.0039.vnnlib",100,100,13.50,"unsupported_strict","unsupported_strict",0,"/data1/Kane/ACT/audit_results/nnv_strict_20260527/cifar100_2024/0131__CIFAR100_resnet_large__CIFAR100_resnet_large_prop_idx_3703_sidx_3842_eps_0.0039.result","/data1/Kane/ACT/audit_results/nnv_strict_20260527/cifar100_2024/0131__CIFAR100_resnet_large__CIFAR100_resnet_large_prop_idx_3703_sidx_3842_eps_0.0039.log"
132,"onnx/CIFAR100_resnet_large.onnx","vnnlib/CIFAR100_resnet_large_prop_idx_2998_sidx_6947_eps_0.0039.vnnlib",100,100,12.57,"unsupported_strict","unsupported_strict",0,"/data1/Kane/ACT/audit_results/nnv_strict_20260527/cifar100_2024/0132__CIFAR100_resnet_large__CIFAR100_resnet_large_prop_idx_2998_sidx_6947_eps_0.0039.result","/data1/Kane/ACT/audit_results/nnv_strict_20260527/cifar100_2024/0132__CIFAR100_resnet_large__CIFAR100_resnet_large_prop_idx_2998_sidx_6947_eps_0.0039.log"
133,"onnx/CIFAR100_resnet_large.onnx","vnnlib/CIFAR100_resnet_large_prop_idx_7926_sidx_589_eps_0.0039.vnnlib",100,100,13.38,"unsupported_strict","unsupported_strict",0,"/data1/Kane/ACT/audit_results/nnv_strict_20260527/cifar100_2024/0133__CIFAR100_resnet_large__CIFAR100_resnet_large_prop_idx_7926_sidx_589_eps_0.0039.result","/data1/Kane/ACT/audit_results/nnv_strict_20260527/cifar100_2024/0133__CIFAR100_resnet_large__CIFAR100_resnet_large_prop_idx_7926_sidx_589_eps_0.0039.log"
134,"onnx/CIFAR100_resnet_large.onnx","vnnlib/CIFAR100_resnet_large_prop_idx_3681_sidx_4987_eps_0.0039.vnnlib",100,100,12.00,"unsupported_strict","unsupported_strict",0,"/data1/Kane/ACT/audit_results/nnv_strict_20260527/cifar100_2024/0134__CIFAR100_resnet_large__CIFAR100_resnet_large_prop_idx_3681_sidx_4987_eps_0.0039.result","/data1/Kane/ACT/audit_results/nnv_strict_20260527/cifar100_2024/0134__CIFAR100_resnet_large__CIFAR100_resnet_large_prop_idx_3681_sidx_4987_eps_0.0039.log"
135,"onnx/CIFAR100_resnet_large.onnx","vnnlib/CIFAR100_resnet_large_prop_idx_5410_sidx_2762_eps_0.0039.vnnlib",100,100,14.77,"unsupported_strict","unsupported_strict",0,"/data1/Kane/ACT/audit_results/nnv_strict_20260527/cifar100_2024/0135__CIFAR100_resnet_large__CIFAR100_resnet_large_prop_idx_5410_sidx_2762_eps_0.0039.result","/data1/Kane/ACT/audit_results/nnv_strict_20260527/cifar100_2024/0135__CIFAR100_resnet_large__CIFAR100_resnet_large_prop_idx_5410_sidx_2762_eps_0.0039.log"
136,"onnx/CIFAR100_resnet_large.onnx","vnnlib/CIFAR100_resnet_large_prop_idx_1280_sidx_5310_eps_0.0039.vnnlib",100,100,13.87,"unsupported_strict","unsupported_strict",0,"/data1/Kane/ACT/audit_results/nnv_strict_20260527/cifar100_2024/0136__CIFAR100_resnet_large__CIFAR100_resnet_large_prop_idx_1280_sidx_5310_eps_0.0039.result","/data1/Kane/ACT/audit_results/nnv_strict_20260527/cifar100_2024/0136__CIFAR100_resnet_large__CIFAR100_resnet_large_prop_idx_1280_sidx_5310_eps_0.0039.log"
137,"onnx/CIFAR100_resnet_large.onnx","vnnlib/CIFAR100_resnet_large_prop_idx_7233_sidx_4318_eps_0.0039.vnnlib",100,100,14.22,"unsupported_strict","unsupported_strict",0,"/data1/Kane/ACT/audit_results/nnv_strict_20260527/cifar100_2024/0137__CIFAR100_resnet_large__CIFAR100_resnet_large_prop_idx_7233_sidx_4318_eps_0.0039.result","/data1/Kane/ACT/audit_results/nnv_strict_20260527/cifar100_2024/0137__CIFAR100_resnet_large__CIFAR100_resnet_large_prop_idx_7233_sidx_4318_eps_0.0039.log"
138,"onnx/CIFAR100_resnet_large.onnx","vnnlib/CIFAR100_resnet_large_prop_idx_2724_sidx_6459_eps_0.0039.vnnlib",100,100,13.89,"unsupported_strict","unsupported_strict",0,"/data1/Kane/ACT/audit_results/nnv_strict_20260527/cifar100_2024/0138__CIFAR100_resnet_large__CIFAR100_resnet_large_prop_idx_2724_sidx_6459_eps_0.0039.result","/data1/Kane/ACT/audit_results/nnv_strict_20260527/cifar100_2024/0138__CIFAR100_resnet_large__CIFAR100_resnet_large_prop_idx_2724_sidx_6459_eps_0.0039.log"
139,"onnx/CIFAR100_resnet_large.onnx","vnnlib/CIFAR100_resnet_large_prop_idx_3894_sidx_5803_eps_0.0039.vnnlib",100,100,13.61,"unsupported_strict","unsupported_strict",0,"/data1/Kane/ACT/audit_results/nnv_strict_20260527/cifar100_2024/0139__CIFAR100_resnet_large__CIFAR100_resnet_large_prop_idx_3894_sidx_5803_eps_0.0039.result","/data1/Kane/ACT/audit_results/nnv_strict_20260527/cifar100_2024/0139__CIFAR100_resnet_large__CIFAR100_resnet_large_prop_idx_3894_sidx_5803_eps_0.0039.log"
140,"onnx/CIFAR100_resnet_large.onnx","vnnlib/CIFAR100_resnet_large_prop_idx_3858_sidx_134_eps_0.0039.vnnlib",100,100,13.49,"unsupported_strict","unsupported_strict",0,"/data1/Kane/ACT/audit_results/nnv_strict_20260527/cifar100_2024/0140__CIFAR100_resnet_large__CIFAR100_resnet_large_prop_idx_3858_sidx_134_eps_0.0039.result","/data1/Kane/ACT/audit_results/nnv_strict_20260527/cifar100_2024/0140__CIFAR100_resnet_large__CIFAR100_resnet_large_prop_idx_3858_sidx_134_eps_0.0039.log"
141,"onnx/CIFAR100_resnet_large.onnx","vnnlib/CIFAR100_resnet_large_prop_idx_8005_sidx_2582_eps_0.0039.vnnlib",100,100,14.85,"unsupported_strict","unsupported_strict",0,"/data1/Kane/ACT/audit_results/nnv_strict_20260527/cifar100_2024/0141__CIFAR100_resnet_large__CIFAR100_resnet_large_prop_idx_8005_sidx_2582_eps_0.0039.result","/data1/Kane/ACT/audit_results/nnv_strict_20260527/cifar100_2024/0141__CIFAR100_resnet_large__CIFAR100_resnet_large_prop_idx_8005_sidx_2582_eps_0.0039.log"
142,"onnx/CIFAR100_resnet_large.onnx","vnnlib/CIFAR100_resnet_large_prop_idx_1298_sidx_33_eps_0.0039.vnnlib",100,100,14.09,"unsupported_strict","unsupported_strict",0,"/data1/Kane/ACT/audit_results/nnv_strict_20260527/cifar100_2024/0142__CIFAR100_resnet_large__CIFAR100_resnet_large_prop_idx_1298_sidx_33_eps_0.0039.result","/data1/Kane/ACT/audit_results/nnv_strict_20260527/cifar100_2024/0142__CIFAR100_resnet_large__CIFAR100_resnet_large_prop_idx_1298_sidx_33_eps_0.0039.log"
143,"onnx/CIFAR100_resnet_large.onnx","vnnlib/CIFAR100_resnet_large_prop_idx_9935_sidx_75_eps_0.0039.vnnlib",100,100,14.46,"unsupported_strict","unsupported_strict",0,"/data1/Kane/ACT/audit_results/nnv_strict_20260527/cifar100_2024/0143__CIFAR100_resnet_large__CIFAR100_resnet_large_prop_idx_9935_sidx_75_eps_0.0039.result","/data1/Kane/ACT/audit_results/nnv_strict_20260527/cifar100_2024/0143__CIFAR100_resnet_large__CIFAR100_resnet_large_prop_idx_9935_sidx_75_eps_0.0039.log"
144,"onnx/CIFAR100_resnet_large.onnx","vnnlib/CIFAR100_resnet_large_prop_idx_276_sidx_476_eps_0.0039.vnnlib",100,100,13.52,"unsupported_strict","unsupported_strict",0,"/data1/Kane/ACT/audit_results/nnv_strict_20260527/cifar100_2024/0144__CIFAR100_resnet_large__CIFAR100_resnet_large_prop_idx_276_sidx_476_eps_0.0039.result","/data1/Kane/ACT/audit_results/nnv_strict_20260527/cifar100_2024/0144__CIFAR100_resnet_large__CIFAR100_resnet_large_prop_idx_276_sidx_476_eps_0.0039.log"
145,"onnx/CIFAR100_resnet_large.onnx","vnnlib/CIFAR100_resnet_large_prop_idx_1913_sidx_2767_eps_0.0039.vnnlib",100,100,13.26,"unsupported_strict","unsupported_strict",0,"/data1/Kane/ACT/audit_results/nnv_strict_20260527/cifar100_2024/0145__CIFAR100_resnet_large__CIFAR100_resnet_large_prop_idx_1913_sidx_2767_eps_0.0039.result","/data1/Kane/ACT/audit_results/nnv_strict_20260527/cifar100_2024/0145__CIFAR100_resnet_large__CIFAR100_resnet_large_prop_idx_1913_sidx_2767_eps_0.0039.log"
146,"onnx/CIFAR100_resnet_large.onnx","vnnlib/CIFAR100_resnet_large_prop_idx_1309_sidx_8525_eps_0.0039.vnnlib",100,100,12.38,"unsupported_strict","unsupported_strict",0,"/data1/Kane/ACT/audit_results/nnv_strict_20260527/cifar100_2024/0146__CIFAR100_resnet_large__CIFAR100_resnet_large_prop_idx_1309_sidx_8525_eps_0.0039.result","/data1/Kane/ACT/audit_results/nnv_strict_20260527/cifar100_2024/0146__CIFAR100_resnet_large__CIFAR100_resnet_large_prop_idx_1309_sidx_8525_eps_0.0039.log"
147,"onnx/CIFAR100_resnet_large.onnx","vnnlib/CIFAR100_resnet_large_prop_idx_4862_sidx_9853_eps_0.0039.vnnlib",100,100,13.65,"unsupported_strict","unsupported_strict",0,"/data1/Kane/ACT/audit_results/nnv_strict_20260527/cifar100_2024/0147__CIFAR100_resnet_large__CIFAR100_resnet_large_prop_idx_4862_sidx_9853_eps_0.0039.result","/data1/Kane/ACT/audit_results/nnv_strict_20260527/cifar100_2024/0147__CIFAR100_resnet_large__CIFAR100_resnet_large_prop_idx_4862_sidx_9853_eps_0.0039.log"
148,"onnx/CIFAR100_resnet_large.onnx","vnnlib/CIFAR100_resnet_large_prop_idx_7554_sidx_8201_eps_0.0039.vnnlib",100,100,13.77,"unsupported_strict","unsupported_strict",0,"/data1/Kane/ACT/audit_results/nnv_strict_20260527/cifar100_2024/0148__CIFAR100_resnet_large__CIFAR100_resnet_large_prop_idx_7554_sidx_8201_eps_0.0039.result","/data1/Kane/ACT/audit_results/nnv_strict_20260527/cifar100_2024/0148__CIFAR100_resnet_large__CIFAR100_resnet_large_prop_idx_7554_sidx_8201_eps_0.0039.log"
149,"onnx/CIFAR100_resnet_large.onnx","vnnlib/CIFAR100_resnet_large_prop_idx_4571_sidx_3801_eps_0.0039.vnnlib",100,100,12.50,"unsupported_strict","unsupported_strict",0,"/data1/Kane/ACT/audit_results/nnv_strict_20260527/cifar100_2024/0149__CIFAR100_resnet_large__CIFAR100_resnet_large_prop_idx_4571_sidx_3801_eps_0.0039.result","/data1/Kane/ACT/audit_results/nnv_strict_20260527/cifar100_2024/0149__CIFAR100_resnet_large__CIFAR100_resnet_large_prop_idx_4571_sidx_3801_eps_0.0039.log"
150,"onnx/CIFAR100_resnet_large.onnx","vnnlib/CIFAR100_resnet_large_prop_idx_5769_sidx_1524_eps_0.0039.vnnlib",100,100,13.55,"unsupported_strict","unsupported_strict",0,"/data1/Kane/ACT/audit_results/nnv_strict_20260527/cifar100_2024/0150__CIFAR100_resnet_large__CIFAR100_resnet_large_prop_idx_5769_sidx_1524_eps_0.0039.result","/data1/Kane/ACT/audit_results/nnv_strict_20260527/cifar100_2024/0150__CIFAR100_resnet_large__CIFAR100_resnet_large_prop_idx_5769_sidx_1524_eps_0.0039.log"
151,"onnx/CIFAR100_resnet_large.onnx","vnnlib/CIFAR100_resnet_large_prop_idx_8748_sidx_4804_eps_0.0039.vnnlib",100,100,11.92,"unsupported_strict","unsupported_strict",0,"/data1/Kane/ACT/audit_results/nnv_strict_20260527/cifar100_2024/0151__CIFAR100_resnet_large__CIFAR100_resnet_large_prop_idx_8748_sidx_4804_eps_0.0039.result","/data1/Kane/ACT/audit_results/nnv_strict_20260527/cifar100_2024/0151__CIFAR100_resnet_large__CIFAR100_resnet_large_prop_idx_8748_sidx_4804_eps_0.0039.log"
152,"onnx/CIFAR100_resnet_large.onnx","vnnlib/CIFAR100_resnet_large_prop_idx_3950_sidx_4217_eps_0.0039.vnnlib",100,100,12.35,"unsupported_strict","unsupported_strict",0,"/data1/Kane/ACT/audit_results/nnv_strict_20260527/cifar100_2024/0152__CIFAR100_resnet_large__CIFAR100_resnet_large_prop_idx_3950_sidx_4217_eps_0.0039.result","/data1/Kane/ACT/audit_results/nnv_strict_20260527/cifar100_2024/0152__CIFAR100_resnet_large__CIFAR100_resnet_large_prop_idx_3950_sidx_4217_eps_0.0039.log"
153,"onnx/CIFAR100_resnet_large.onnx","vnnlib/CIFAR100_resnet_large_prop_idx_7886_sidx_7064_eps_0.0039.vnnlib",100,100,12.57,"unsupported_strict","unsupported_strict",0,"/data1/Kane/ACT/audit_results/nnv_strict_20260527/cifar100_2024/0153__CIFAR100_resnet_large__CIFAR100_resnet_large_prop_idx_7886_sidx_7064_eps_0.0039.result","/data1/Kane/ACT/audit_results/nnv_strict_20260527/cifar100_2024/0153__CIFAR100_resnet_large__CIFAR100_resnet_large_prop_idx_7886_sidx_7064_eps_0.0039.log"
154,"onnx/CIFAR100_resnet_large.onnx","vnnlib/CIFAR100_resnet_large_prop_idx_4652_sidx_1371_eps_0.0039.vnnlib",100,100,12.34,"unsupported_strict","unsupported_strict",0,"/data1/Kane/ACT/audit_results/nnv_strict_20260527/cifar100_2024/0154__CIFAR100_resnet_large__CIFAR100_resnet_large_prop_idx_4652_sidx_1371_eps_0.0039.result","/data1/Kane/ACT/audit_results/nnv_strict_20260527/cifar100_2024/0154__CIFAR100_resnet_large__CIFAR100_resnet_large_prop_idx_4652_sidx_1371_eps_0.0039.log"
155,"onnx/CIFAR100_resnet_large.onnx","vnnlib/CIFAR100_resnet_large_prop_idx_1938_sidx_6556_eps_0.0039.vnnlib",100,100,12.07,"unsupported_strict","unsupported_strict",0,"/data1/Kane/ACT/audit_results/nnv_strict_20260527/cifar100_2024/0155__CIFAR100_resnet_large__CIFAR100_resnet_large_prop_idx_1938_sidx_6556_eps_0.0039.result","/data1/Kane/ACT/audit_results/nnv_strict_20260527/cifar100_2024/0155__CIFAR100_resnet_large__CIFAR100_resnet_large_prop_idx_1938_sidx_6556_eps_0.0039.log"
156,"onnx/CIFAR100_resnet_large.onnx","vnnlib/CIFAR100_resnet_large_prop_idx_8332_sidx_4482_eps_0.0039.vnnlib",100,100,13.53,"unsupported_strict","unsupported_strict",0,"/data1/Kane/ACT/audit_results/nnv_strict_20260527/cifar100_2024/0156__CIFAR100_resnet_large__CIFAR100_resnet_large_prop_idx_8332_sidx_4482_eps_0.0039.result","/data1/Kane/ACT/audit_results/nnv_strict_20260527/cifar100_2024/0156__CIFAR100_resnet_large__CIFAR100_resnet_large_prop_idx_8332_sidx_4482_eps_0.0039.log"
157,"onnx/CIFAR100_resnet_large.onnx","vnnlib/CIFAR100_resnet_large_prop_idx_2302_sidx_3657_eps_0.0039.vnnlib",100,100,12.58,"unsupported_strict","unsupported_strict",0,"/data1/Kane/ACT/audit_results/nnv_strict_20260527/cifar100_2024/0157__CIFAR100_resnet_large__CIFAR100_resnet_large_prop_idx_2302_sidx_3657_eps_0.0039.result","/data1/Kane/ACT/audit_results/nnv_strict_20260527/cifar100_2024/0157__CIFAR100_resnet_large__CIFAR100_resnet_large_prop_idx_2302_sidx_3657_eps_0.0039.log"
158,"onnx/CIFAR100_resnet_large.onnx","vnnlib/CIFAR100_resnet_large_prop_idx_7104_sidx_9469_eps_0.0039.vnnlib",100,100,13.46,"unsupported_strict","unsupported_strict",0,"/data1/Kane/ACT/audit_results/nnv_strict_20260527/cifar100_2024/0158__CIFAR100_resnet_large__CIFAR100_resnet_large_prop_idx_7104_sidx_9469_eps_0.0039.result","/data1/Kane/ACT/audit_results/nnv_strict_20260527/cifar100_2024/0158__CIFAR100_resnet_large__CIFAR100_resnet_large_prop_idx_7104_sidx_9469_eps_0.0039.log"
159,"onnx/CIFAR100_resnet_large.onnx","vnnlib/CIFAR100_resnet_large_prop_idx_2783_sidx_8903_eps_0.0039.vnnlib",100,100,13.20,"unsupported_strict","unsupported_strict",0,"/data1/Kane/ACT/audit_results/nnv_strict_20260527/cifar100_2024/0159__CIFAR100_resnet_large__CIFAR100_resnet_large_prop_idx_2783_sidx_8903_eps_0.0039.result","/data1/Kane/ACT/audit_results/nnv_strict_20260527/cifar100_2024/0159__CIFAR100_resnet_large__CIFAR100_resnet_large_prop_idx_2783_sidx_8903_eps_0.0039.log"
160,"onnx/CIFAR100_resnet_large.onnx","vnnlib/CIFAR100_resnet_large_prop_idx_6491_sidx_3620_eps_0.0039.vnnlib",100,100,11.89,"unsupported_strict","unsupported_strict",0,"/data1/Kane/ACT/audit_results/nnv_strict_20260527/cifar100_2024/0160__CIFAR100_resnet_large__CIFAR100_resnet_large_prop_idx_6491_sidx_3620_eps_0.0039.result","/data1/Kane/ACT/audit_results/nnv_strict_20260527/cifar100_2024/0160__CIFAR100_resnet_large__CIFAR100_resnet_large_prop_idx_6491_sidx_3620_eps_0.0039.log"
161,"onnx/CIFAR100_resnet_large.onnx","vnnlib/CIFAR100_resnet_large_prop_idx_5162_sidx_8126_eps_0.0039.vnnlib",100,100,13.66,"unsupported_strict","unsupported_strict",0,"/data1/Kane/ACT/audit_results/nnv_strict_20260527/cifar100_2024/0161__CIFAR100_resnet_large__CIFAR100_resnet_large_prop_idx_5162_sidx_8126_eps_0.0039.result","/data1/Kane/ACT/audit_results/nnv_strict_20260527/cifar100_2024/0161__CIFAR100_resnet_large__CIFAR100_resnet_large_prop_idx_5162_sidx_8126_eps_0.0039.log"
162,"onnx/CIFAR100_resnet_large.onnx","vnnlib/CIFAR100_resnet_large_prop_idx_8502_sidx_2893_eps_0.0039.vnnlib",100,100,13.07,"unsupported_strict","unsupported_strict",0,"/data1/Kane/ACT/audit_results/nnv_strict_20260527/cifar100_2024/0162__CIFAR100_resnet_large__CIFAR100_resnet_large_prop_idx_8502_sidx_2893_eps_0.0039.result","/data1/Kane/ACT/audit_results/nnv_strict_20260527/cifar100_2024/0162__CIFAR100_resnet_large__CIFAR100_resnet_large_prop_idx_8502_sidx_2893_eps_0.0039.log"
163,"onnx/CIFAR100_resnet_large.onnx","vnnlib/CIFAR100_resnet_large_prop_idx_3143_sidx_9413_eps_0.0039.vnnlib",100,100,13.24,"unsupported_strict","unsupported_strict",0,"/data1/Kane/ACT/audit_results/nnv_strict_20260527/cifar100_2024/0163__CIFAR100_resnet_large__CIFAR100_resnet_large_prop_idx_3143_sidx_9413_eps_0.0039.result","/data1/Kane/ACT/audit_results/nnv_strict_20260527/cifar100_2024/0163__CIFAR100_resnet_large__CIFAR100_resnet_large_prop_idx_3143_sidx_9413_eps_0.0039.log"
164,"onnx/CIFAR100_resnet_large.onnx","vnnlib/CIFAR100_resnet_large_prop_idx_656_sidx_2209_eps_0.0039.vnnlib",100,100,15.00,"unsupported_strict","unsupported_strict",0,"/data1/Kane/ACT/audit_results/nnv_strict_20260527/cifar100_2024/0164__CIFAR100_resnet_large__CIFAR100_resnet_large_prop_idx_656_sidx_2209_eps_0.0039.result","/data1/Kane/ACT/audit_results/nnv_strict_20260527/cifar100_2024/0164__CIFAR100_resnet_large__CIFAR100_resnet_large_prop_idx_656_sidx_2209_eps_0.0039.log"
165,"onnx/CIFAR100_resnet_large.onnx","vnnlib/CIFAR100_resnet_large_prop_idx_4322_sidx_9995_eps_0.0039.vnnlib",100,100,13.67,"unsupported_strict","unsupported_strict",0,"/data1/Kane/ACT/audit_results/nnv_strict_20260527/cifar100_2024/0165__CIFAR100_resnet_large__CIFAR100_resnet_large_prop_idx_4322_sidx_9995_eps_0.0039.result","/data1/Kane/ACT/audit_results/nnv_strict_20260527/cifar100_2024/0165__CIFAR100_resnet_large__CIFAR100_resnet_large_prop_idx_4322_sidx_9995_eps_0.0039.log"
166,"onnx/CIFAR100_resnet_large.onnx","vnnlib/CIFAR100_resnet_large_prop_idx_5804_sidx_1885_eps_0.0039.vnnlib",100,100,13.19,"unsupported_strict","unsupported_strict",0,"/data1/Kane/ACT/audit_results/nnv_strict_20260527/cifar100_2024/0166__CIFAR100_resnet_large__CIFAR100_resnet_large_prop_idx_5804_sidx_1885_eps_0.0039.result","/data1/Kane/ACT/audit_results/nnv_strict_20260527/cifar100_2024/0166__CIFAR100_resnet_large__CIFAR100_resnet_large_prop_idx_5804_sidx_1885_eps_0.0039.log"
167,"onnx/CIFAR100_resnet_large.onnx","vnnlib/CIFAR100_resnet_large_prop_idx_2630_sidx_1753_eps_0.0039.vnnlib",100,100,13.11,"unsupported_strict","unsupported_strict",0,"/data1/Kane/ACT/audit_results/nnv_strict_20260527/cifar100_2024/0167__CIFAR100_resnet_large__CIFAR100_resnet_large_prop_idx_2630_sidx_1753_eps_0.0039.result","/data1/Kane/ACT/audit_results/nnv_strict_20260527/cifar100_2024/0167__CIFAR100_resnet_large__CIFAR100_resnet_large_prop_idx_2630_sidx_1753_eps_0.0039.log"
168,"onnx/CIFAR100_resnet_large.onnx","vnnlib/CIFAR100_resnet_large_prop_idx_2461_sidx_2912_eps_0.0039.vnnlib",100,100,13.27,"unsupported_strict","unsupported_strict",0,"/data1/Kane/ACT/audit_results/nnv_strict_20260527/cifar100_2024/0168__CIFAR100_resnet_large__CIFAR100_resnet_large_prop_idx_2461_sidx_2912_eps_0.0039.result","/data1/Kane/ACT/audit_results/nnv_strict_20260527/cifar100_2024/0168__CIFAR100_resnet_large__CIFAR100_resnet_large_prop_idx_2461_sidx_2912_eps_0.0039.log"
169,"onnx/CIFAR100_resnet_large.onnx","vnnlib/CIFAR100_resnet_large_prop_idx_4486_sidx_8828_eps_0.0039.vnnlib",100,100,13.38,"unsupported_strict","unsupported_strict",0,"/data1/Kane/ACT/audit_results/nnv_strict_20260527/cifar100_2024/0169__CIFAR100_resnet_large__CIFAR100_resnet_large_prop_idx_4486_sidx_8828_eps_0.0039.result","/data1/Kane/ACT/audit_results/nnv_strict_20260527/cifar100_2024/0169__CIFAR100_resnet_large__CIFAR100_resnet_large_prop_idx_4486_sidx_8828_eps_0.0039.log"
170,"onnx/CIFAR100_resnet_large.onnx","vnnlib/CIFAR100_resnet_large_prop_idx_5810_sidx_7106_eps_0.0039.vnnlib",100,100,13.12,"unsupported_strict","unsupported_strict",0,"/data1/Kane/ACT/audit_results/nnv_strict_20260527/cifar100_2024/0170__CIFAR100_resnet_large__CIFAR100_resnet_large_prop_idx_5810_sidx_7106_eps_0.0039.result","/data1/Kane/ACT/audit_results/nnv_strict_20260527/cifar100_2024/0170__CIFAR100_resnet_large__CIFAR100_resnet_large_prop_idx_5810_sidx_7106_eps_0.0039.log"
171,"onnx/CIFAR100_resnet_large.onnx","vnnlib/CIFAR100_resnet_large_prop_idx_6343_sidx_1886_eps_0.0039.vnnlib",100,100,13.15,"unsupported_strict","unsupported_strict",0,"/data1/Kane/ACT/audit_results/nnv_strict_20260527/cifar100_2024/0171__CIFAR100_resnet_large__CIFAR100_resnet_large_prop_idx_6343_sidx_1886_eps_0.0039.result","/data1/Kane/ACT/audit_results/nnv_strict_20260527/cifar100_2024/0171__CIFAR100_resnet_large__CIFAR100_resnet_large_prop_idx_6343_sidx_1886_eps_0.0039.log"
172,"onnx/CIFAR100_resnet_large.onnx","vnnlib/CIFAR100_resnet_large_prop_idx_9640_sidx_7273_eps_0.0039.vnnlib",100,100,12.49,"unsupported_strict","unsupported_strict",0,"/data1/Kane/ACT/audit_results/nnv_strict_20260527/cifar100_2024/0172__CIFAR100_resnet_large__CIFAR100_resnet_large_prop_idx_9640_sidx_7273_eps_0.0039.result","/data1/Kane/ACT/audit_results/nnv_strict_20260527/cifar100_2024/0172__CIFAR100_resnet_large__CIFAR100_resnet_large_prop_idx_9640_sidx_7273_eps_0.0039.log"
173,"onnx/CIFAR100_resnet_large.onnx","vnnlib/CIFAR100_resnet_large_prop_idx_5522_sidx_5863_eps_0.0039.vnnlib",100,100,12.21,"unsupported_strict","unsupported_strict",0,"/data1/Kane/ACT/audit_results/nnv_strict_20260527/cifar100_2024/0173__CIFAR100_resnet_large__CIFAR100_resnet_large_prop_idx_5522_sidx_5863_eps_0.0039.result","/data1/Kane/ACT/audit_results/nnv_strict_20260527/cifar100_2024/0173__CIFAR100_resnet_large__CIFAR100_resnet_large_prop_idx_5522_sidx_5863_eps_0.0039.log"
174,"onnx/CIFAR100_resnet_large.onnx","vnnlib/CIFAR100_resnet_large_prop_idx_9460_sidx_4347_eps_0.0039.vnnlib",100,100,13.47,"unsupported_strict","unsupported_strict",0,"/data1/Kane/ACT/audit_results/nnv_strict_20260527/cifar100_2024/0174__CIFAR100_resnet_large__CIFAR100_resnet_large_prop_idx_9460_sidx_4347_eps_0.0039.result","/data1/Kane/ACT/audit_results/nnv_strict_20260527/cifar100_2024/0174__CIFAR100_resnet_large__CIFAR100_resnet_large_prop_idx_9460_sidx_4347_eps_0.0039.log"
175,"onnx/CIFAR100_resnet_large.onnx","vnnlib/CIFAR100_resnet_large_prop_idx_8865_sidx_700_eps_0.0039.vnnlib",100,100,12.33,"unsupported_strict","unsupported_strict",0,"/data1/Kane/ACT/audit_results/nnv_strict_20260527/cifar100_2024/0175__CIFAR100_resnet_large__CIFAR100_resnet_large_prop_idx_8865_sidx_700_eps_0.0039.result","/data1/Kane/ACT/audit_results/nnv_strict_20260527/cifar100_2024/0175__CIFAR100_resnet_large__CIFAR100_resnet_large_prop_idx_8865_sidx_700_eps_0.0039.log"
176,"onnx/CIFAR100_resnet_large.onnx","vnnlib/CIFAR100_resnet_large_prop_idx_8395_sidx_8915_eps_0.0039.vnnlib",100,100,13.54,"unsupported_strict","unsupported_strict",0,"/data1/Kane/ACT/audit_results/nnv_strict_20260527/cifar100_2024/0176__CIFAR100_resnet_large__CIFAR100_resnet_large_prop_idx_8395_sidx_8915_eps_0.0039.result","/data1/Kane/ACT/audit_results/nnv_strict_20260527/cifar100_2024/0176__CIFAR100_resnet_large__CIFAR100_resnet_large_prop_idx_8395_sidx_8915_eps_0.0039.log"
177,"onnx/CIFAR100_resnet_large.onnx","vnnlib/CIFAR100_resnet_large_prop_idx_9883_sidx_7162_eps_0.0039.vnnlib",100,100,12.00,"unsupported_strict","unsupported_strict",0,"/data1/Kane/ACT/audit_results/nnv_strict_20260527/cifar100_2024/0177__CIFAR100_resnet_large__CIFAR100_resnet_large_prop_idx_9883_sidx_7162_eps_0.0039.result","/data1/Kane/ACT/audit_results/nnv_strict_20260527/cifar100_2024/0177__CIFAR100_resnet_large__CIFAR100_resnet_large_prop_idx_9883_sidx_7162_eps_0.0039.log"
178,"onnx/CIFAR100_resnet_large.onnx","vnnlib/CIFAR100_resnet_large_prop_idx_3573_sidx_2903_eps_0.0039.vnnlib",100,100,12.15,"unsupported_strict","unsupported_strict",0,"/data1/Kane/ACT/audit_results/nnv_strict_20260527/cifar100_2024/0178__CIFAR100_resnet_large__CIFAR100_resnet_large_prop_idx_3573_sidx_2903_eps_0.0039.result","/data1/Kane/ACT/audit_results/nnv_strict_20260527/cifar100_2024/0178__CIFAR100_resnet_large__CIFAR100_resnet_large_prop_idx_3573_sidx_2903_eps_0.0039.log"
179,"onnx/CIFAR100_resnet_large.onnx","vnnlib/CIFAR100_resnet_large_prop_idx_6418_sidx_7923_eps_0.0039.vnnlib",100,100,13.15,"unsupported_strict","unsupported_strict",0,"/data1/Kane/ACT/audit_results/nnv_strict_20260527/cifar100_2024/0179__CIFAR100_resnet_large__CIFAR100_resnet_large_prop_idx_6418_sidx_7923_eps_0.0039.result","/data1/Kane/ACT/audit_results/nnv_strict_20260527/cifar100_2024/0179__CIFAR100_resnet_large__CIFAR100_resnet_large_prop_idx_6418_sidx_7923_eps_0.0039.log"
180,"onnx/CIFAR100_resnet_large.onnx","vnnlib/CIFAR100_resnet_large_prop_idx_2668_sidx_2652_eps_0.0039.vnnlib",100,100,14.69,"unsupported_strict","unsupported_strict",0,"/data1/Kane/ACT/audit_results/nnv_strict_20260527/cifar100_2024/0180__CIFAR100_resnet_large__CIFAR100_resnet_large_prop_idx_2668_sidx_2652_eps_0.0039.result","/data1/Kane/ACT/audit_results/nnv_strict_20260527/cifar100_2024/0180__CIFAR100_resnet_large__CIFAR100_resnet_large_prop_idx_2668_sidx_2652_eps_0.0039.log"
181,"onnx/CIFAR100_resnet_large.onnx","vnnlib/CIFAR100_resnet_large_prop_idx_1216_sidx_6431_eps_0.0039.vnnlib",100,100,13.40,"unsupported_strict","unsupported_strict",0,"/data1/Kane/ACT/audit_results/nnv_strict_20260527/cifar100_2024/0181__CIFAR100_resnet_large__CIFAR100_resnet_large_prop_idx_1216_sidx_6431_eps_0.0039.result","/data1/Kane/ACT/audit_results/nnv_strict_20260527/cifar100_2024/0181__CIFAR100_resnet_large__CIFAR100_resnet_large_prop_idx_1216_sidx_6431_eps_0.0039.log"
182,"onnx/CIFAR100_resnet_large.onnx","vnnlib/CIFAR100_resnet_large_prop_idx_6583_sidx_8860_eps_0.0039.vnnlib",100,100,13.18,"unsupported_strict","unsupported_strict",0,"/data1/Kane/ACT/audit_results/nnv_strict_20260527/cifar100_2024/0182__CIFAR100_resnet_large__CIFAR100_resnet_large_prop_idx_6583_sidx_8860_eps_0.0039.result","/data1/Kane/ACT/audit_results/nnv_strict_20260527/cifar100_2024/0182__CIFAR100_resnet_large__CIFAR100_resnet_large_prop_idx_6583_sidx_8860_eps_0.0039.log"
183,"onnx/CIFAR100_resnet_large.onnx","vnnlib/CIFAR100_resnet_large_prop_idx_5546_sidx_4338_eps_0.0039.vnnlib",100,100,14.23,"unsupported_strict","unsupported_strict",0,"/data1/Kane/ACT/audit_results/nnv_strict_20260527/cifar100_2024/0183__CIFAR100_resnet_large__CIFAR100_resnet_large_prop_idx_5546_sidx_4338_eps_0.0039.result","/data1/Kane/ACT/audit_results/nnv_strict_20260527/cifar100_2024/0183__CIFAR100_resnet_large__CIFAR100_resnet_large_prop_idx_5546_sidx_4338_eps_0.0039.log"
184,"onnx/CIFAR100_resnet_large.onnx","vnnlib/CIFAR100_resnet_large_prop_idx_9845_sidx_200_eps_0.0039.vnnlib",100,100,13.00,"unsupported_strict","unsupported_strict",0,"/data1/Kane/ACT/audit_results/nnv_strict_20260527/cifar100_2024/0184__CIFAR100_resnet_large__CIFAR100_resnet_large_prop_idx_9845_sidx_200_eps_0.0039.result","/data1/Kane/ACT/audit_results/nnv_strict_20260527/cifar100_2024/0184__CIFAR100_resnet_large__CIFAR100_resnet_large_prop_idx_9845_sidx_200_eps_0.0039.log"
185,"onnx/CIFAR100_resnet_large.onnx","vnnlib/CIFAR100_resnet_large_prop_idx_8012_sidx_5910_eps_0.0039.vnnlib",100,100,13.26,"unsupported_strict","unsupported_strict",0,"/data1/Kane/ACT/audit_results/nnv_strict_20260527/cifar100_2024/0185__CIFAR100_resnet_large__CIFAR100_resnet_large_prop_idx_8012_sidx_5910_eps_0.0039.result","/data1/Kane/ACT/audit_results/nnv_strict_20260527/cifar100_2024/0185__CIFAR100_resnet_large__CIFAR100_resnet_large_prop_idx_8012_sidx_5910_eps_0.0039.log"
186,"onnx/CIFAR100_resnet_large.onnx","vnnlib/CIFAR100_resnet_large_prop_idx_7884_sidx_6926_eps_0.0039.vnnlib",100,100,13.39,"unsupported_strict","unsupported_strict",0,"/data1/Kane/ACT/audit_results/nnv_strict_20260527/cifar100_2024/0186__CIFAR100_resnet_large__CIFAR100_resnet_large_prop_idx_7884_sidx_6926_eps_0.0039.result","/data1/Kane/ACT/audit_results/nnv_strict_20260527/cifar100_2024/0186__CIFAR100_resnet_large__CIFAR100_resnet_large_prop_idx_7884_sidx_6926_eps_0.0039.log"
187,"onnx/CIFAR100_resnet_large.onnx","vnnlib/CIFAR100_resnet_large_prop_idx_8381_sidx_4474_eps_0.0039.vnnlib",100,100,13.04,"unsupported_strict","unsupported_strict",0,"/data1/Kane/ACT/audit_results/nnv_strict_20260527/cifar100_2024/0187__CIFAR100_resnet_large__CIFAR100_resnet_large_prop_idx_8381_sidx_4474_eps_0.0039.result","/data1/Kane/ACT/audit_results/nnv_strict_20260527/cifar100_2024/0187__CIFAR100_resnet_large__CIFAR100_resnet_large_prop_idx_8381_sidx_4474_eps_0.0039.log"
188,"onnx/CIFAR100_resnet_large.onnx","vnnlib/CIFAR100_resnet_large_prop_idx_483_sidx_7371_eps_0.0039.vnnlib",100,100,12.98,"unsupported_strict","unsupported_strict",0,"/data1/Kane/ACT/audit_results/nnv_strict_20260527/cifar100_2024/0188__CIFAR100_resnet_large__CIFAR100_resnet_large_prop_idx_483_sidx_7371_eps_0.0039.result","/data1/Kane/ACT/audit_results/nnv_strict_20260527/cifar100_2024/0188__CIFAR100_resnet_large__CIFAR100_resnet_large_prop_idx_483_sidx_7371_eps_0.0039.log"
189,"onnx/CIFAR100_resnet_large.onnx","vnnlib/CIFAR100_resnet_large_prop_idx_7640_sidx_9025_eps_0.0039.vnnlib",100,100,12.31,"unsupported_strict","unsupported_strict",0,"/data1/Kane/ACT/audit_results/nnv_strict_20260527/cifar100_2024/0189__CIFAR100_resnet_large__CIFAR100_resnet_large_prop_idx_7640_sidx_9025_eps_0.0039.result","/data1/Kane/ACT/audit_results/nnv_strict_20260527/cifar100_2024/0189__CIFAR100_resnet_large__CIFAR100_resnet_large_prop_idx_7640_sidx_9025_eps_0.0039.log"
190,"onnx/CIFAR100_resnet_large.onnx","vnnlib/CIFAR100_resnet_large_prop_idx_5230_sidx_242_eps_0.0039.vnnlib",100,100,13.13,"unsupported_strict","unsupported_strict",0,"/data1/Kane/ACT/audit_results/nnv_strict_20260527/cifar100_2024/0190__CIFAR100_resnet_large__CIFAR100_resnet_large_prop_idx_5230_sidx_242_eps_0.0039.result","/data1/Kane/ACT/audit_results/nnv_strict_20260527/cifar100_2024/0190__CIFAR100_resnet_large__CIFAR100_resnet_large_prop_idx_5230_sidx_242_eps_0.0039.log"
191,"onnx/CIFAR100_resnet_large.onnx","vnnlib/CIFAR100_resnet_large_prop_idx_9476_sidx_5602_eps_0.0039.vnnlib",100,100,12.55,"unsupported_strict","unsupported_strict",0,"/data1/Kane/ACT/audit_results/nnv_strict_20260527/cifar100_2024/0191__CIFAR100_resnet_large__CIFAR100_resnet_large_prop_idx_9476_sidx_5602_eps_0.0039.result","/data1/Kane/ACT/audit_results/nnv_strict_20260527/cifar100_2024/0191__CIFAR100_resnet_large__CIFAR100_resnet_large_prop_idx_9476_sidx_5602_eps_0.0039.log"
192,"onnx/CIFAR100_resnet_large.onnx","vnnlib/CIFAR100_resnet_large_prop_idx_7866_sidx_7980_eps_0.0039.vnnlib",100,100,13.65,"unsupported_strict","unsupported_strict",0,"/data1/Kane/ACT/audit_results/nnv_strict_20260527/cifar100_2024/0192__CIFAR100_resnet_large__CIFAR100_resnet_large_prop_idx_7866_sidx_7980_eps_0.0039.result","/data1/Kane/ACT/audit_results/nnv_strict_20260527/cifar100_2024/0192__CIFAR100_resnet_large__CIFAR100_resnet_large_prop_idx_7866_sidx_7980_eps_0.0039.log"
193,"onnx/CIFAR100_resnet_large.onnx","vnnlib/CIFAR100_resnet_large_prop_idx_7436_sidx_5742_eps_0.0039.vnnlib",100,100,12.34,"unsupported_strict","unsupported_strict",0,"/data1/Kane/ACT/audit_results/nnv_strict_20260527/cifar100_2024/0193__CIFAR100_resnet_large__CIFAR100_resnet_large_prop_idx_7436_sidx_5742_eps_0.0039.result","/data1/Kane/ACT/audit_results/nnv_strict_20260527/cifar100_2024/0193__CIFAR100_resnet_large__CIFAR100_resnet_large_prop_idx_7436_sidx_5742_eps_0.0039.log"
194,"onnx/CIFAR100_resnet_large.onnx","vnnlib/CIFAR100_resnet_large_prop_idx_2624_sidx_917_eps_0.0039.vnnlib",100,100,13.36,"unsupported_strict","unsupported_strict",0,"/data1/Kane/ACT/audit_results/nnv_strict_20260527/cifar100_2024/0194__CIFAR100_resnet_large__CIFAR100_resnet_large_prop_idx_2624_sidx_917_eps_0.0039.result","/data1/Kane/ACT/audit_results/nnv_strict_20260527/cifar100_2024/0194__CIFAR100_resnet_large__CIFAR100_resnet_large_prop_idx_2624_sidx_917_eps_0.0039.log"
195,"onnx/CIFAR100_resnet_large.onnx","vnnlib/CIFAR100_resnet_large_prop_idx_1241_sidx_5679_eps_0.0039.vnnlib",100,100,13.87,"unsupported_strict","unsupported_strict",0,"/data1/Kane/ACT/audit_results/nnv_strict_20260527/cifar100_2024/0195__CIFAR100_resnet_large__CIFAR100_resnet_large_prop_idx_1241_sidx_5679_eps_0.0039.result","/data1/Kane/ACT/audit_results/nnv_strict_20260527/cifar100_2024/0195__CIFAR100_resnet_large__CIFAR100_resnet_large_prop_idx_1241_sidx_5679_eps_0.0039.log"
196,"onnx/CIFAR100_resnet_large.onnx","vnnlib/CIFAR100_resnet_large_prop_idx_3812_sidx_8477_eps_0.0039.vnnlib",100,100,13.33,"unsupported_strict","unsupported_strict",0,"/data1/Kane/ACT/audit_results/nnv_strict_20260527/cifar100_2024/0196__CIFAR100_resnet_large__CIFAR100_resnet_large_prop_idx_3812_sidx_8477_eps_0.0039.result","/data1/Kane/ACT/audit_results/nnv_strict_20260527/cifar100_2024/0196__CIFAR100_resnet_large__CIFAR100_resnet_large_prop_idx_3812_sidx_8477_eps_0.0039.log"
197,"onnx/CIFAR100_resnet_large.onnx","vnnlib/CIFAR100_resnet_large_prop_idx_9372_sidx_3515_eps_0.0039.vnnlib",100,100,12.06,"unsupported_strict","unsupported_strict",0,"/data1/Kane/ACT/audit_results/nnv_strict_20260527/cifar100_2024/0197__CIFAR100_resnet_large__CIFAR100_resnet_large_prop_idx_9372_sidx_3515_eps_0.0039.result","/data1/Kane/ACT/audit_results/nnv_strict_20260527/cifar100_2024/0197__CIFAR100_resnet_large__CIFAR100_resnet_large_prop_idx_9372_sidx_3515_eps_0.0039.log"
198,"onnx/CIFAR100_resnet_large.onnx","vnnlib/CIFAR100_resnet_large_prop_idx_1590_sidx_2858_eps_0.0039.vnnlib",100,100,12.12,"unsupported_strict","unsupported_strict",0,"/data1/Kane/ACT/audit_results/nnv_strict_20260527/cifar100_2024/0198__CIFAR100_resnet_large__CIFAR100_resnet_large_prop_idx_1590_sidx_2858_eps_0.0039.result","/data1/Kane/ACT/audit_results/nnv_strict_20260527/cifar100_2024/0198__CIFAR100_resnet_large__CIFAR100_resnet_large_prop_idx_1590_sidx_2858_eps_0.0039.log"
199,"onnx/CIFAR100_resnet_large.onnx","vnnlib/CIFAR100_resnet_large_prop_idx_6337_sidx_2381_eps_0.0039.vnnlib",100,100,13.72,"unsupported_strict","unsupported_strict",0,"/data1/Kane/ACT/audit_results/nnv_strict_20260527/cifar100_2024/0199__CIFAR100_resnet_large__CIFAR100_resnet_large_prop_idx_6337_sidx_2381_eps_0.0039.result","/data1/Kane/ACT/audit_results/nnv_strict_20260527/cifar100_2024/0199__CIFAR100_resnet_large__CIFAR100_resnet_large_prop_idx_6337_sidx_2381_eps_0.0039.log"
200,"onnx/CIFAR100_resnet_large.onnx","vnnlib/CIFAR100_resnet_large_prop_idx_6757_sidx_2400_eps_0.0039.vnnlib",100,100,13.52,"unsupported_strict","unsupported_strict",0,"/data1/Kane/ACT/audit_results/nnv_strict_20260527/cifar100_2024/0200__CIFAR100_resnet_large__CIFAR100_resnet_large_prop_idx_6757_sidx_2400_eps_0.0039.result","/data1/Kane/ACT/audit_results/nnv_strict_20260527/cifar100_2024/0200__CIFAR100_resnet_large__CIFAR100_resnet_large_prop_idx_6757_sidx_2400_eps_0.0039.log"
