idx,onnx,vnnlib,csv_timeout,used_timeout,wall_sec,verdict,result_file,log_file
1,"onnx/pgd_2_3_16.onnx","vnnlib/pgd_2_3_16_2446.vnnlib",100,100,0.46,"unknown","/data1/Kane/ACT/audit_results/cora_strict_20260526/vit_2023/0001__pgd_2_3_16__pgd_2_3_16_2446.result","/data1/Kane/ACT/audit_results/cora_strict_20260526/vit_2023/0001__pgd_2_3_16__pgd_2_3_16_2446.log"
2,"onnx/pgd_2_3_16.onnx","vnnlib/pgd_2_3_16_4509.vnnlib",100,100,0.54,"unknown","/data1/Kane/ACT/audit_results/cora_strict_20260526/vit_2023/0002__pgd_2_3_16__pgd_2_3_16_4509.result","/data1/Kane/ACT/audit_results/cora_strict_20260526/vit_2023/0002__pgd_2_3_16__pgd_2_3_16_4509.log"
3,"onnx/pgd_2_3_16.onnx","vnnlib/pgd_2_3_16_6246.vnnlib",100,100,0.50,"unknown","/data1/Kane/ACT/audit_results/cora_strict_20260526/vit_2023/0003__pgd_2_3_16__pgd_2_3_16_6246.result","/data1/Kane/ACT/audit_results/cora_strict_20260526/vit_2023/0003__pgd_2_3_16__pgd_2_3_16_6246.log"
4,"onnx/pgd_2_3_16.onnx","vnnlib/pgd_2_3_16_2043.vnnlib",100,100,0.37,"unknown","/data1/Kane/ACT/audit_results/cora_strict_20260526/vit_2023/0004__pgd_2_3_16__pgd_2_3_16_2043.result","/data1/Kane/ACT/audit_results/cora_strict_20260526/vit_2023/0004__pgd_2_3_16__pgd_2_3_16_2043.log"
5,"onnx/pgd_2_3_16.onnx","vnnlib/pgd_2_3_16_2203.vnnlib",100,100,0.40,"unknown","/data1/Kane/ACT/audit_results/cora_strict_20260526/vit_2023/0005__pgd_2_3_16__pgd_2_3_16_2203.result","/data1/Kane/ACT/audit_results/cora_strict_20260526/vit_2023/0005__pgd_2_3_16__pgd_2_3_16_2203.log"
6,"onnx/pgd_2_3_16.onnx","vnnlib/pgd_2_3_16_3695.vnnlib",100,100,0.44,"unknown","/data1/Kane/ACT/audit_results/cora_strict_20260526/vit_2023/0006__pgd_2_3_16__pgd_2_3_16_3695.result","/data1/Kane/ACT/audit_results/cora_strict_20260526/vit_2023/0006__pgd_2_3_16__pgd_2_3_16_3695.log"
7,"onnx/pgd_2_3_16.onnx","vnnlib/pgd_2_3_16_8808.vnnlib",100,100,0.50,"unknown","/data1/Kane/ACT/audit_results/cora_strict_20260526/vit_2023/0007__pgd_2_3_16__pgd_2_3_16_8808.result","/data1/Kane/ACT/audit_results/cora_strict_20260526/vit_2023/0007__pgd_2_3_16__pgd_2_3_16_8808.log"
8,"onnx/pgd_2_3_16.onnx","vnnlib/pgd_2_3_16_747.vnnlib",100,100,0.50,"unknown","/data1/Kane/ACT/audit_results/cora_strict_20260526/vit_2023/0008__pgd_2_3_16__pgd_2_3_16_747.result","/data1/Kane/ACT/audit_results/cora_strict_20260526/vit_2023/0008__pgd_2_3_16__pgd_2_3_16_747.log"
9,"onnx/pgd_2_3_16.onnx","vnnlib/pgd_2_3_16_2209.vnnlib",100,100,0.46,"unknown","/data1/Kane/ACT/audit_results/cora_strict_20260526/vit_2023/0009__pgd_2_3_16__pgd_2_3_16_2209.result","/data1/Kane/ACT/audit_results/cora_strict_20260526/vit_2023/0009__pgd_2_3_16__pgd_2_3_16_2209.log"
10,"onnx/pgd_2_3_16.onnx","vnnlib/pgd_2_3_16_8776.vnnlib",100,100,0.34,"unknown","/data1/Kane/ACT/audit_results/cora_strict_20260526/vit_2023/0010__pgd_2_3_16__pgd_2_3_16_8776.result","/data1/Kane/ACT/audit_results/cora_strict_20260526/vit_2023/0010__pgd_2_3_16__pgd_2_3_16_8776.log"
11,"onnx/pgd_2_3_16.onnx","vnnlib/pgd_2_3_16_3660.vnnlib",100,100,0.33,"unknown","/data1/Kane/ACT/audit_results/cora_strict_20260526/vit_2023/0011__pgd_2_3_16__pgd_2_3_16_3660.result","/data1/Kane/ACT/audit_results/cora_strict_20260526/vit_2023/0011__pgd_2_3_16__pgd_2_3_16_3660.log"
12,"onnx/pgd_2_3_16.onnx","vnnlib/pgd_2_3_16_7086.vnnlib",100,100,0.34,"unknown","/data1/Kane/ACT/audit_results/cora_strict_20260526/vit_2023/0012__pgd_2_3_16__pgd_2_3_16_7086.result","/data1/Kane/ACT/audit_results/cora_strict_20260526/vit_2023/0012__pgd_2_3_16__pgd_2_3_16_7086.log"
13,"onnx/pgd_2_3_16.onnx","vnnlib/pgd_2_3_16_1058.vnnlib",100,100,0.54,"unknown","/data1/Kane/ACT/audit_results/cora_strict_20260526/vit_2023/0013__pgd_2_3_16__pgd_2_3_16_1058.result","/data1/Kane/ACT/audit_results/cora_strict_20260526/vit_2023/0013__pgd_2_3_16__pgd_2_3_16_1058.log"
14,"onnx/pgd_2_3_16.onnx","vnnlib/pgd_2_3_16_3034.vnnlib",100,100,0.59,"unknown","/data1/Kane/ACT/audit_results/cora_strict_20260526/vit_2023/0014__pgd_2_3_16__pgd_2_3_16_3034.result","/data1/Kane/ACT/audit_results/cora_strict_20260526/vit_2023/0014__pgd_2_3_16__pgd_2_3_16_3034.log"
15,"onnx/pgd_2_3_16.onnx","vnnlib/pgd_2_3_16_2296.vnnlib",100,100,0.50,"unknown","/data1/Kane/ACT/audit_results/cora_strict_20260526/vit_2023/0015__pgd_2_3_16__pgd_2_3_16_2296.result","/data1/Kane/ACT/audit_results/cora_strict_20260526/vit_2023/0015__pgd_2_3_16__pgd_2_3_16_2296.log"
16,"onnx/pgd_2_3_16.onnx","vnnlib/pgd_2_3_16_9655.vnnlib",100,100,0.49,"unknown","/data1/Kane/ACT/audit_results/cora_strict_20260526/vit_2023/0016__pgd_2_3_16__pgd_2_3_16_9655.result","/data1/Kane/ACT/audit_results/cora_strict_20260526/vit_2023/0016__pgd_2_3_16__pgd_2_3_16_9655.log"
17,"onnx/pgd_2_3_16.onnx","vnnlib/pgd_2_3_16_1438.vnnlib",100,100,0.50,"unknown","/data1/Kane/ACT/audit_results/cora_strict_20260526/vit_2023/0017__pgd_2_3_16__pgd_2_3_16_1438.result","/data1/Kane/ACT/audit_results/cora_strict_20260526/vit_2023/0017__pgd_2_3_16__pgd_2_3_16_1438.log"
18,"onnx/pgd_2_3_16.onnx","vnnlib/pgd_2_3_16_94.vnnlib",100,100,0.62,"unknown","/data1/Kane/ACT/audit_results/cora_strict_20260526/vit_2023/0018__pgd_2_3_16__pgd_2_3_16_94.result","/data1/Kane/ACT/audit_results/cora_strict_20260526/vit_2023/0018__pgd_2_3_16__pgd_2_3_16_94.log"
19,"onnx/pgd_2_3_16.onnx","vnnlib/pgd_2_3_16_7664.vnnlib",100,100,0.56,"unknown","/data1/Kane/ACT/audit_results/cora_strict_20260526/vit_2023/0019__pgd_2_3_16__pgd_2_3_16_7664.result","/data1/Kane/ACT/audit_results/cora_strict_20260526/vit_2023/0019__pgd_2_3_16__pgd_2_3_16_7664.log"
20,"onnx/pgd_2_3_16.onnx","vnnlib/pgd_2_3_16_5846.vnnlib",100,100,0.52,"unknown","/data1/Kane/ACT/audit_results/cora_strict_20260526/vit_2023/0020__pgd_2_3_16__pgd_2_3_16_5846.result","/data1/Kane/ACT/audit_results/cora_strict_20260526/vit_2023/0020__pgd_2_3_16__pgd_2_3_16_5846.log"
21,"onnx/pgd_2_3_16.onnx","vnnlib/pgd_2_3_16_7144.vnnlib",100,100,0.51,"unknown","/data1/Kane/ACT/audit_results/cora_strict_20260526/vit_2023/0021__pgd_2_3_16__pgd_2_3_16_7144.result","/data1/Kane/ACT/audit_results/cora_strict_20260526/vit_2023/0021__pgd_2_3_16__pgd_2_3_16_7144.log"
22,"onnx/pgd_2_3_16.onnx","vnnlib/pgd_2_3_16_6578.vnnlib",100,100,0.38,"unknown","/data1/Kane/ACT/audit_results/cora_strict_20260526/vit_2023/0022__pgd_2_3_16__pgd_2_3_16_6578.result","/data1/Kane/ACT/audit_results/cora_strict_20260526/vit_2023/0022__pgd_2_3_16__pgd_2_3_16_6578.log"
23,"onnx/pgd_2_3_16.onnx","vnnlib/pgd_2_3_16_7154.vnnlib",100,100,0.34,"unknown","/data1/Kane/ACT/audit_results/cora_strict_20260526/vit_2023/0023__pgd_2_3_16__pgd_2_3_16_7154.result","/data1/Kane/ACT/audit_results/cora_strict_20260526/vit_2023/0023__pgd_2_3_16__pgd_2_3_16_7154.log"
24,"onnx/pgd_2_3_16.onnx","vnnlib/pgd_2_3_16_3832.vnnlib",100,100,0.34,"unknown","/data1/Kane/ACT/audit_results/cora_strict_20260526/vit_2023/0024__pgd_2_3_16__pgd_2_3_16_3832.result","/data1/Kane/ACT/audit_results/cora_strict_20260526/vit_2023/0024__pgd_2_3_16__pgd_2_3_16_3832.log"
25,"onnx/pgd_2_3_16.onnx","vnnlib/pgd_2_3_16_560.vnnlib",100,100,0.33,"unknown","/data1/Kane/ACT/audit_results/cora_strict_20260526/vit_2023/0025__pgd_2_3_16__pgd_2_3_16_560.result","/data1/Kane/ACT/audit_results/cora_strict_20260526/vit_2023/0025__pgd_2_3_16__pgd_2_3_16_560.log"
26,"onnx/pgd_2_3_16.onnx","vnnlib/pgd_2_3_16_2593.vnnlib",100,100,0.33,"unknown","/data1/Kane/ACT/audit_results/cora_strict_20260526/vit_2023/0026__pgd_2_3_16__pgd_2_3_16_2593.result","/data1/Kane/ACT/audit_results/cora_strict_20260526/vit_2023/0026__pgd_2_3_16__pgd_2_3_16_2593.log"
27,"onnx/pgd_2_3_16.onnx","vnnlib/pgd_2_3_16_988.vnnlib",100,100,0.33,"unknown","/data1/Kane/ACT/audit_results/cora_strict_20260526/vit_2023/0027__pgd_2_3_16__pgd_2_3_16_988.result","/data1/Kane/ACT/audit_results/cora_strict_20260526/vit_2023/0027__pgd_2_3_16__pgd_2_3_16_988.log"
28,"onnx/pgd_2_3_16.onnx","vnnlib/pgd_2_3_16_7102.vnnlib",100,100,0.38,"unknown","/data1/Kane/ACT/audit_results/cora_strict_20260526/vit_2023/0028__pgd_2_3_16__pgd_2_3_16_7102.result","/data1/Kane/ACT/audit_results/cora_strict_20260526/vit_2023/0028__pgd_2_3_16__pgd_2_3_16_7102.log"
29,"onnx/pgd_2_3_16.onnx","vnnlib/pgd_2_3_16_9306.vnnlib",100,100,0.53,"unknown","/data1/Kane/ACT/audit_results/cora_strict_20260526/vit_2023/0029__pgd_2_3_16__pgd_2_3_16_9306.result","/data1/Kane/ACT/audit_results/cora_strict_20260526/vit_2023/0029__pgd_2_3_16__pgd_2_3_16_9306.log"
30,"onnx/pgd_2_3_16.onnx","vnnlib/pgd_2_3_16_2113.vnnlib",100,100,0.45,"unknown","/data1/Kane/ACT/audit_results/cora_strict_20260526/vit_2023/0030__pgd_2_3_16__pgd_2_3_16_2113.result","/data1/Kane/ACT/audit_results/cora_strict_20260526/vit_2023/0030__pgd_2_3_16__pgd_2_3_16_2113.log"
31,"onnx/pgd_2_3_16.onnx","vnnlib/pgd_2_3_16_2640.vnnlib",100,100,0.34,"unknown","/data1/Kane/ACT/audit_results/cora_strict_20260526/vit_2023/0031__pgd_2_3_16__pgd_2_3_16_2640.result","/data1/Kane/ACT/audit_results/cora_strict_20260526/vit_2023/0031__pgd_2_3_16__pgd_2_3_16_2640.log"
32,"onnx/pgd_2_3_16.onnx","vnnlib/pgd_2_3_16_570.vnnlib",100,100,0.33,"unknown","/data1/Kane/ACT/audit_results/cora_strict_20260526/vit_2023/0032__pgd_2_3_16__pgd_2_3_16_570.result","/data1/Kane/ACT/audit_results/cora_strict_20260526/vit_2023/0032__pgd_2_3_16__pgd_2_3_16_570.log"
33,"onnx/pgd_2_3_16.onnx","vnnlib/pgd_2_3_16_535.vnnlib",100,100,0.37,"unknown","/data1/Kane/ACT/audit_results/cora_strict_20260526/vit_2023/0033__pgd_2_3_16__pgd_2_3_16_535.result","/data1/Kane/ACT/audit_results/cora_strict_20260526/vit_2023/0033__pgd_2_3_16__pgd_2_3_16_535.log"
34,"onnx/pgd_2_3_16.onnx","vnnlib/pgd_2_3_16_1579.vnnlib",100,100,0.36,"unknown","/data1/Kane/ACT/audit_results/cora_strict_20260526/vit_2023/0034__pgd_2_3_16__pgd_2_3_16_1579.result","/data1/Kane/ACT/audit_results/cora_strict_20260526/vit_2023/0034__pgd_2_3_16__pgd_2_3_16_1579.log"
35,"onnx/pgd_2_3_16.onnx","vnnlib/pgd_2_3_16_9785.vnnlib",100,100,0.39,"unknown","/data1/Kane/ACT/audit_results/cora_strict_20260526/vit_2023/0035__pgd_2_3_16__pgd_2_3_16_9785.result","/data1/Kane/ACT/audit_results/cora_strict_20260526/vit_2023/0035__pgd_2_3_16__pgd_2_3_16_9785.log"
36,"onnx/pgd_2_3_16.onnx","vnnlib/pgd_2_3_16_6942.vnnlib",100,100,0.44,"unknown","/data1/Kane/ACT/audit_results/cora_strict_20260526/vit_2023/0036__pgd_2_3_16__pgd_2_3_16_6942.result","/data1/Kane/ACT/audit_results/cora_strict_20260526/vit_2023/0036__pgd_2_3_16__pgd_2_3_16_6942.log"
37,"onnx/pgd_2_3_16.onnx","vnnlib/pgd_2_3_16_7363.vnnlib",100,100,0.61,"unknown","/data1/Kane/ACT/audit_results/cora_strict_20260526/vit_2023/0037__pgd_2_3_16__pgd_2_3_16_7363.result","/data1/Kane/ACT/audit_results/cora_strict_20260526/vit_2023/0037__pgd_2_3_16__pgd_2_3_16_7363.log"
38,"onnx/pgd_2_3_16.onnx","vnnlib/pgd_2_3_16_9825.vnnlib",100,100,0.59,"unknown","/data1/Kane/ACT/audit_results/cora_strict_20260526/vit_2023/0038__pgd_2_3_16__pgd_2_3_16_9825.result","/data1/Kane/ACT/audit_results/cora_strict_20260526/vit_2023/0038__pgd_2_3_16__pgd_2_3_16_9825.log"
39,"onnx/pgd_2_3_16.onnx","vnnlib/pgd_2_3_16_425.vnnlib",100,100,0.47,"unknown","/data1/Kane/ACT/audit_results/cora_strict_20260526/vit_2023/0039__pgd_2_3_16__pgd_2_3_16_425.result","/data1/Kane/ACT/audit_results/cora_strict_20260526/vit_2023/0039__pgd_2_3_16__pgd_2_3_16_425.log"
40,"onnx/pgd_2_3_16.onnx","vnnlib/pgd_2_3_16_722.vnnlib",100,100,0.35,"unknown","/data1/Kane/ACT/audit_results/cora_strict_20260526/vit_2023/0040__pgd_2_3_16__pgd_2_3_16_722.result","/data1/Kane/ACT/audit_results/cora_strict_20260526/vit_2023/0040__pgd_2_3_16__pgd_2_3_16_722.log"
41,"onnx/pgd_2_3_16.onnx","vnnlib/pgd_2_3_16_646.vnnlib",100,100,0.48,"unknown","/data1/Kane/ACT/audit_results/cora_strict_20260526/vit_2023/0041__pgd_2_3_16__pgd_2_3_16_646.result","/data1/Kane/ACT/audit_results/cora_strict_20260526/vit_2023/0041__pgd_2_3_16__pgd_2_3_16_646.log"
42,"onnx/pgd_2_3_16.onnx","vnnlib/pgd_2_3_16_183.vnnlib",100,100,0.55,"unknown","/data1/Kane/ACT/audit_results/cora_strict_20260526/vit_2023/0042__pgd_2_3_16__pgd_2_3_16_183.result","/data1/Kane/ACT/audit_results/cora_strict_20260526/vit_2023/0042__pgd_2_3_16__pgd_2_3_16_183.log"
43,"onnx/pgd_2_3_16.onnx","vnnlib/pgd_2_3_16_4380.vnnlib",100,100,0.43,"unknown","/data1/Kane/ACT/audit_results/cora_strict_20260526/vit_2023/0043__pgd_2_3_16__pgd_2_3_16_4380.result","/data1/Kane/ACT/audit_results/cora_strict_20260526/vit_2023/0043__pgd_2_3_16__pgd_2_3_16_4380.log"
44,"onnx/pgd_2_3_16.onnx","vnnlib/pgd_2_3_16_374.vnnlib",100,100,0.35,"unknown","/data1/Kane/ACT/audit_results/cora_strict_20260526/vit_2023/0044__pgd_2_3_16__pgd_2_3_16_374.result","/data1/Kane/ACT/audit_results/cora_strict_20260526/vit_2023/0044__pgd_2_3_16__pgd_2_3_16_374.log"
45,"onnx/pgd_2_3_16.onnx","vnnlib/pgd_2_3_16_1566.vnnlib",100,100,0.34,"unknown","/data1/Kane/ACT/audit_results/cora_strict_20260526/vit_2023/0045__pgd_2_3_16__pgd_2_3_16_1566.result","/data1/Kane/ACT/audit_results/cora_strict_20260526/vit_2023/0045__pgd_2_3_16__pgd_2_3_16_1566.log"
46,"onnx/pgd_2_3_16.onnx","vnnlib/pgd_2_3_16_7869.vnnlib",100,100,0.49,"unknown","/data1/Kane/ACT/audit_results/cora_strict_20260526/vit_2023/0046__pgd_2_3_16__pgd_2_3_16_7869.result","/data1/Kane/ACT/audit_results/cora_strict_20260526/vit_2023/0046__pgd_2_3_16__pgd_2_3_16_7869.log"
47,"onnx/pgd_2_3_16.onnx","vnnlib/pgd_2_3_16_953.vnnlib",100,100,0.52,"unknown","/data1/Kane/ACT/audit_results/cora_strict_20260526/vit_2023/0047__pgd_2_3_16__pgd_2_3_16_953.result","/data1/Kane/ACT/audit_results/cora_strict_20260526/vit_2023/0047__pgd_2_3_16__pgd_2_3_16_953.log"
48,"onnx/pgd_2_3_16.onnx","vnnlib/pgd_2_3_16_6160.vnnlib",100,100,0.52,"unknown","/data1/Kane/ACT/audit_results/cora_strict_20260526/vit_2023/0048__pgd_2_3_16__pgd_2_3_16_6160.result","/data1/Kane/ACT/audit_results/cora_strict_20260526/vit_2023/0048__pgd_2_3_16__pgd_2_3_16_6160.log"
49,"onnx/pgd_2_3_16.onnx","vnnlib/pgd_2_3_16_2218.vnnlib",100,100,0.38,"unknown","/data1/Kane/ACT/audit_results/cora_strict_20260526/vit_2023/0049__pgd_2_3_16__pgd_2_3_16_2218.result","/data1/Kane/ACT/audit_results/cora_strict_20260526/vit_2023/0049__pgd_2_3_16__pgd_2_3_16_2218.log"
50,"onnx/pgd_2_3_16.onnx","vnnlib/pgd_2_3_16_4714.vnnlib",100,100,0.33,"unknown","/data1/Kane/ACT/audit_results/cora_strict_20260526/vit_2023/0050__pgd_2_3_16__pgd_2_3_16_4714.result","/data1/Kane/ACT/audit_results/cora_strict_20260526/vit_2023/0050__pgd_2_3_16__pgd_2_3_16_4714.log"
51,"onnx/pgd_2_3_16.onnx","vnnlib/pgd_2_3_16_5704.vnnlib",100,100,0.35,"unknown","/data1/Kane/ACT/audit_results/cora_strict_20260526/vit_2023/0051__pgd_2_3_16__pgd_2_3_16_5704.result","/data1/Kane/ACT/audit_results/cora_strict_20260526/vit_2023/0051__pgd_2_3_16__pgd_2_3_16_5704.log"
52,"onnx/pgd_2_3_16.onnx","vnnlib/pgd_2_3_16_5579.vnnlib",100,100,0.33,"unknown","/data1/Kane/ACT/audit_results/cora_strict_20260526/vit_2023/0052__pgd_2_3_16__pgd_2_3_16_5579.result","/data1/Kane/ACT/audit_results/cora_strict_20260526/vit_2023/0052__pgd_2_3_16__pgd_2_3_16_5579.log"
53,"onnx/pgd_2_3_16.onnx","vnnlib/pgd_2_3_16_6805.vnnlib",100,100,0.49,"unknown","/data1/Kane/ACT/audit_results/cora_strict_20260526/vit_2023/0053__pgd_2_3_16__pgd_2_3_16_6805.result","/data1/Kane/ACT/audit_results/cora_strict_20260526/vit_2023/0053__pgd_2_3_16__pgd_2_3_16_6805.log"
54,"onnx/pgd_2_3_16.onnx","vnnlib/pgd_2_3_16_8836.vnnlib",100,100,0.49,"unknown","/data1/Kane/ACT/audit_results/cora_strict_20260526/vit_2023/0054__pgd_2_3_16__pgd_2_3_16_8836.result","/data1/Kane/ACT/audit_results/cora_strict_20260526/vit_2023/0054__pgd_2_3_16__pgd_2_3_16_8836.log"
55,"onnx/pgd_2_3_16.onnx","vnnlib/pgd_2_3_16_5030.vnnlib",100,100,0.49,"unknown","/data1/Kane/ACT/audit_results/cora_strict_20260526/vit_2023/0055__pgd_2_3_16__pgd_2_3_16_5030.result","/data1/Kane/ACT/audit_results/cora_strict_20260526/vit_2023/0055__pgd_2_3_16__pgd_2_3_16_5030.log"
56,"onnx/pgd_2_3_16.onnx","vnnlib/pgd_2_3_16_8341.vnnlib",100,100,0.52,"unknown","/data1/Kane/ACT/audit_results/cora_strict_20260526/vit_2023/0056__pgd_2_3_16__pgd_2_3_16_8341.result","/data1/Kane/ACT/audit_results/cora_strict_20260526/vit_2023/0056__pgd_2_3_16__pgd_2_3_16_8341.log"
57,"onnx/pgd_2_3_16.onnx","vnnlib/pgd_2_3_16_9835.vnnlib",100,100,0.49,"unknown","/data1/Kane/ACT/audit_results/cora_strict_20260526/vit_2023/0057__pgd_2_3_16__pgd_2_3_16_9835.result","/data1/Kane/ACT/audit_results/cora_strict_20260526/vit_2023/0057__pgd_2_3_16__pgd_2_3_16_9835.log"
58,"onnx/pgd_2_3_16.onnx","vnnlib/pgd_2_3_16_8907.vnnlib",100,100,0.36,"unknown","/data1/Kane/ACT/audit_results/cora_strict_20260526/vit_2023/0058__pgd_2_3_16__pgd_2_3_16_8907.result","/data1/Kane/ACT/audit_results/cora_strict_20260526/vit_2023/0058__pgd_2_3_16__pgd_2_3_16_8907.log"
59,"onnx/pgd_2_3_16.onnx","vnnlib/pgd_2_3_16_6427.vnnlib",100,100,0.34,"unknown","/data1/Kane/ACT/audit_results/cora_strict_20260526/vit_2023/0059__pgd_2_3_16__pgd_2_3_16_6427.result","/data1/Kane/ACT/audit_results/cora_strict_20260526/vit_2023/0059__pgd_2_3_16__pgd_2_3_16_6427.log"
60,"onnx/pgd_2_3_16.onnx","vnnlib/pgd_2_3_16_5528.vnnlib",100,100,0.33,"unknown","/data1/Kane/ACT/audit_results/cora_strict_20260526/vit_2023/0060__pgd_2_3_16__pgd_2_3_16_5528.result","/data1/Kane/ACT/audit_results/cora_strict_20260526/vit_2023/0060__pgd_2_3_16__pgd_2_3_16_5528.log"
61,"onnx/pgd_2_3_16.onnx","vnnlib/pgd_2_3_16_6628.vnnlib",100,100,0.36,"unknown","/data1/Kane/ACT/audit_results/cora_strict_20260526/vit_2023/0061__pgd_2_3_16__pgd_2_3_16_6628.result","/data1/Kane/ACT/audit_results/cora_strict_20260526/vit_2023/0061__pgd_2_3_16__pgd_2_3_16_6628.log"
62,"onnx/pgd_2_3_16.onnx","vnnlib/pgd_2_3_16_7403.vnnlib",100,100,0.34,"unknown","/data1/Kane/ACT/audit_results/cora_strict_20260526/vit_2023/0062__pgd_2_3_16__pgd_2_3_16_7403.result","/data1/Kane/ACT/audit_results/cora_strict_20260526/vit_2023/0062__pgd_2_3_16__pgd_2_3_16_7403.log"
63,"onnx/pgd_2_3_16.onnx","vnnlib/pgd_2_3_16_2896.vnnlib",100,100,0.34,"unknown","/data1/Kane/ACT/audit_results/cora_strict_20260526/vit_2023/0063__pgd_2_3_16__pgd_2_3_16_2896.result","/data1/Kane/ACT/audit_results/cora_strict_20260526/vit_2023/0063__pgd_2_3_16__pgd_2_3_16_2896.log"
64,"onnx/pgd_2_3_16.onnx","vnnlib/pgd_2_3_16_6088.vnnlib",100,100,0.34,"unknown","/data1/Kane/ACT/audit_results/cora_strict_20260526/vit_2023/0064__pgd_2_3_16__pgd_2_3_16_6088.result","/data1/Kane/ACT/audit_results/cora_strict_20260526/vit_2023/0064__pgd_2_3_16__pgd_2_3_16_6088.log"
65,"onnx/pgd_2_3_16.onnx","vnnlib/pgd_2_3_16_7065.vnnlib",100,100,0.34,"unknown","/data1/Kane/ACT/audit_results/cora_strict_20260526/vit_2023/0065__pgd_2_3_16__pgd_2_3_16_7065.result","/data1/Kane/ACT/audit_results/cora_strict_20260526/vit_2023/0065__pgd_2_3_16__pgd_2_3_16_7065.log"
66,"onnx/pgd_2_3_16.onnx","vnnlib/pgd_2_3_16_2760.vnnlib",100,100,0.33,"unknown","/data1/Kane/ACT/audit_results/cora_strict_20260526/vit_2023/0066__pgd_2_3_16__pgd_2_3_16_2760.result","/data1/Kane/ACT/audit_results/cora_strict_20260526/vit_2023/0066__pgd_2_3_16__pgd_2_3_16_2760.log"
67,"onnx/pgd_2_3_16.onnx","vnnlib/pgd_2_3_16_9016.vnnlib",100,100,0.36,"unknown","/data1/Kane/ACT/audit_results/cora_strict_20260526/vit_2023/0067__pgd_2_3_16__pgd_2_3_16_9016.result","/data1/Kane/ACT/audit_results/cora_strict_20260526/vit_2023/0067__pgd_2_3_16__pgd_2_3_16_9016.log"
68,"onnx/pgd_2_3_16.onnx","vnnlib/pgd_2_3_16_3727.vnnlib",100,100,0.33,"unknown","/data1/Kane/ACT/audit_results/cora_strict_20260526/vit_2023/0068__pgd_2_3_16__pgd_2_3_16_3727.result","/data1/Kane/ACT/audit_results/cora_strict_20260526/vit_2023/0068__pgd_2_3_16__pgd_2_3_16_3727.log"
69,"onnx/pgd_2_3_16.onnx","vnnlib/pgd_2_3_16_9276.vnnlib",100,100,0.33,"unknown","/data1/Kane/ACT/audit_results/cora_strict_20260526/vit_2023/0069__pgd_2_3_16__pgd_2_3_16_9276.result","/data1/Kane/ACT/audit_results/cora_strict_20260526/vit_2023/0069__pgd_2_3_16__pgd_2_3_16_9276.log"
70,"onnx/pgd_2_3_16.onnx","vnnlib/pgd_2_3_16_4567.vnnlib",100,100,0.34,"unknown","/data1/Kane/ACT/audit_results/cora_strict_20260526/vit_2023/0070__pgd_2_3_16__pgd_2_3_16_4567.result","/data1/Kane/ACT/audit_results/cora_strict_20260526/vit_2023/0070__pgd_2_3_16__pgd_2_3_16_4567.log"
71,"onnx/pgd_2_3_16.onnx","vnnlib/pgd_2_3_16_7724.vnnlib",100,100,0.33,"unknown","/data1/Kane/ACT/audit_results/cora_strict_20260526/vit_2023/0071__pgd_2_3_16__pgd_2_3_16_7724.result","/data1/Kane/ACT/audit_results/cora_strict_20260526/vit_2023/0071__pgd_2_3_16__pgd_2_3_16_7724.log"
72,"onnx/pgd_2_3_16.onnx","vnnlib/pgd_2_3_16_1559.vnnlib",100,100,0.33,"unknown","/data1/Kane/ACT/audit_results/cora_strict_20260526/vit_2023/0072__pgd_2_3_16__pgd_2_3_16_1559.result","/data1/Kane/ACT/audit_results/cora_strict_20260526/vit_2023/0072__pgd_2_3_16__pgd_2_3_16_1559.log"
73,"onnx/pgd_2_3_16.onnx","vnnlib/pgd_2_3_16_4350.vnnlib",100,100,0.36,"unknown","/data1/Kane/ACT/audit_results/cora_strict_20260526/vit_2023/0073__pgd_2_3_16__pgd_2_3_16_4350.result","/data1/Kane/ACT/audit_results/cora_strict_20260526/vit_2023/0073__pgd_2_3_16__pgd_2_3_16_4350.log"
74,"onnx/pgd_2_3_16.onnx","vnnlib/pgd_2_3_16_4049.vnnlib",100,100,0.35,"unknown","/data1/Kane/ACT/audit_results/cora_strict_20260526/vit_2023/0074__pgd_2_3_16__pgd_2_3_16_4049.result","/data1/Kane/ACT/audit_results/cora_strict_20260526/vit_2023/0074__pgd_2_3_16__pgd_2_3_16_4049.log"
75,"onnx/pgd_2_3_16.onnx","vnnlib/pgd_2_3_16_1792.vnnlib",100,100,0.36,"unknown","/data1/Kane/ACT/audit_results/cora_strict_20260526/vit_2023/0075__pgd_2_3_16__pgd_2_3_16_1792.result","/data1/Kane/ACT/audit_results/cora_strict_20260526/vit_2023/0075__pgd_2_3_16__pgd_2_3_16_1792.log"
76,"onnx/pgd_2_3_16.onnx","vnnlib/pgd_2_3_16_6461.vnnlib",100,100,0.39,"unknown","/data1/Kane/ACT/audit_results/cora_strict_20260526/vit_2023/0076__pgd_2_3_16__pgd_2_3_16_6461.result","/data1/Kane/ACT/audit_results/cora_strict_20260526/vit_2023/0076__pgd_2_3_16__pgd_2_3_16_6461.log"
77,"onnx/pgd_2_3_16.onnx","vnnlib/pgd_2_3_16_5201.vnnlib",100,100,0.34,"unknown","/data1/Kane/ACT/audit_results/cora_strict_20260526/vit_2023/0077__pgd_2_3_16__pgd_2_3_16_5201.result","/data1/Kane/ACT/audit_results/cora_strict_20260526/vit_2023/0077__pgd_2_3_16__pgd_2_3_16_5201.log"
78,"onnx/pgd_2_3_16.onnx","vnnlib/pgd_2_3_16_2830.vnnlib",100,100,0.54,"unknown","/data1/Kane/ACT/audit_results/cora_strict_20260526/vit_2023/0078__pgd_2_3_16__pgd_2_3_16_2830.result","/data1/Kane/ACT/audit_results/cora_strict_20260526/vit_2023/0078__pgd_2_3_16__pgd_2_3_16_2830.log"
79,"onnx/pgd_2_3_16.onnx","vnnlib/pgd_2_3_16_7796.vnnlib",100,100,0.36,"unknown","/data1/Kane/ACT/audit_results/cora_strict_20260526/vit_2023/0079__pgd_2_3_16__pgd_2_3_16_7796.result","/data1/Kane/ACT/audit_results/cora_strict_20260526/vit_2023/0079__pgd_2_3_16__pgd_2_3_16_7796.log"
80,"onnx/pgd_2_3_16.onnx","vnnlib/pgd_2_3_16_9719.vnnlib",100,100,0.39,"unknown","/data1/Kane/ACT/audit_results/cora_strict_20260526/vit_2023/0080__pgd_2_3_16__pgd_2_3_16_9719.result","/data1/Kane/ACT/audit_results/cora_strict_20260526/vit_2023/0080__pgd_2_3_16__pgd_2_3_16_9719.log"
81,"onnx/pgd_2_3_16.onnx","vnnlib/pgd_2_3_16_160.vnnlib",100,100,0.49,"unknown","/data1/Kane/ACT/audit_results/cora_strict_20260526/vit_2023/0081__pgd_2_3_16__pgd_2_3_16_160.result","/data1/Kane/ACT/audit_results/cora_strict_20260526/vit_2023/0081__pgd_2_3_16__pgd_2_3_16_160.log"
82,"onnx/pgd_2_3_16.onnx","vnnlib/pgd_2_3_16_3543.vnnlib",100,100,0.50,"unknown","/data1/Kane/ACT/audit_results/cora_strict_20260526/vit_2023/0082__pgd_2_3_16__pgd_2_3_16_3543.result","/data1/Kane/ACT/audit_results/cora_strict_20260526/vit_2023/0082__pgd_2_3_16__pgd_2_3_16_3543.log"
83,"onnx/pgd_2_3_16.onnx","vnnlib/pgd_2_3_16_6539.vnnlib",100,100,0.44,"unknown","/data1/Kane/ACT/audit_results/cora_strict_20260526/vit_2023/0083__pgd_2_3_16__pgd_2_3_16_6539.result","/data1/Kane/ACT/audit_results/cora_strict_20260526/vit_2023/0083__pgd_2_3_16__pgd_2_3_16_6539.log"
84,"onnx/pgd_2_3_16.onnx","vnnlib/pgd_2_3_16_1197.vnnlib",100,100,0.33,"unknown","/data1/Kane/ACT/audit_results/cora_strict_20260526/vit_2023/0084__pgd_2_3_16__pgd_2_3_16_1197.result","/data1/Kane/ACT/audit_results/cora_strict_20260526/vit_2023/0084__pgd_2_3_16__pgd_2_3_16_1197.log"
85,"onnx/pgd_2_3_16.onnx","vnnlib/pgd_2_3_16_9347.vnnlib",100,100,0.33,"unknown","/data1/Kane/ACT/audit_results/cora_strict_20260526/vit_2023/0085__pgd_2_3_16__pgd_2_3_16_9347.result","/data1/Kane/ACT/audit_results/cora_strict_20260526/vit_2023/0085__pgd_2_3_16__pgd_2_3_16_9347.log"
86,"onnx/pgd_2_3_16.onnx","vnnlib/pgd_2_3_16_2351.vnnlib",100,100,0.53,"unknown","/data1/Kane/ACT/audit_results/cora_strict_20260526/vit_2023/0086__pgd_2_3_16__pgd_2_3_16_2351.result","/data1/Kane/ACT/audit_results/cora_strict_20260526/vit_2023/0086__pgd_2_3_16__pgd_2_3_16_2351.log"
87,"onnx/pgd_2_3_16.onnx","vnnlib/pgd_2_3_16_7579.vnnlib",100,100,0.57,"unknown","/data1/Kane/ACT/audit_results/cora_strict_20260526/vit_2023/0087__pgd_2_3_16__pgd_2_3_16_7579.result","/data1/Kane/ACT/audit_results/cora_strict_20260526/vit_2023/0087__pgd_2_3_16__pgd_2_3_16_7579.log"
88,"onnx/pgd_2_3_16.onnx","vnnlib/pgd_2_3_16_8751.vnnlib",100,100,0.52,"unknown","/data1/Kane/ACT/audit_results/cora_strict_20260526/vit_2023/0088__pgd_2_3_16__pgd_2_3_16_8751.result","/data1/Kane/ACT/audit_results/cora_strict_20260526/vit_2023/0088__pgd_2_3_16__pgd_2_3_16_8751.log"
89,"onnx/pgd_2_3_16.onnx","vnnlib/pgd_2_3_16_7576.vnnlib",100,100,0.39,"unknown","/data1/Kane/ACT/audit_results/cora_strict_20260526/vit_2023/0089__pgd_2_3_16__pgd_2_3_16_7576.result","/data1/Kane/ACT/audit_results/cora_strict_20260526/vit_2023/0089__pgd_2_3_16__pgd_2_3_16_7576.log"
90,"onnx/pgd_2_3_16.onnx","vnnlib/pgd_2_3_16_1087.vnnlib",100,100,0.35,"unknown","/data1/Kane/ACT/audit_results/cora_strict_20260526/vit_2023/0090__pgd_2_3_16__pgd_2_3_16_1087.result","/data1/Kane/ACT/audit_results/cora_strict_20260526/vit_2023/0090__pgd_2_3_16__pgd_2_3_16_1087.log"
91,"onnx/pgd_2_3_16.onnx","vnnlib/pgd_2_3_16_6102.vnnlib",100,100,0.34,"unknown","/data1/Kane/ACT/audit_results/cora_strict_20260526/vit_2023/0091__pgd_2_3_16__pgd_2_3_16_6102.result","/data1/Kane/ACT/audit_results/cora_strict_20260526/vit_2023/0091__pgd_2_3_16__pgd_2_3_16_6102.log"
92,"onnx/pgd_2_3_16.onnx","vnnlib/pgd_2_3_16_3155.vnnlib",100,100,0.37,"unknown","/data1/Kane/ACT/audit_results/cora_strict_20260526/vit_2023/0092__pgd_2_3_16__pgd_2_3_16_3155.result","/data1/Kane/ACT/audit_results/cora_strict_20260526/vit_2023/0092__pgd_2_3_16__pgd_2_3_16_3155.log"
93,"onnx/pgd_2_3_16.onnx","vnnlib/pgd_2_3_16_7209.vnnlib",100,100,0.52,"unknown","/data1/Kane/ACT/audit_results/cora_strict_20260526/vit_2023/0093__pgd_2_3_16__pgd_2_3_16_7209.result","/data1/Kane/ACT/audit_results/cora_strict_20260526/vit_2023/0093__pgd_2_3_16__pgd_2_3_16_7209.log"
94,"onnx/pgd_2_3_16.onnx","vnnlib/pgd_2_3_16_4817.vnnlib",100,100,0.54,"unknown","/data1/Kane/ACT/audit_results/cora_strict_20260526/vit_2023/0094__pgd_2_3_16__pgd_2_3_16_4817.result","/data1/Kane/ACT/audit_results/cora_strict_20260526/vit_2023/0094__pgd_2_3_16__pgd_2_3_16_4817.log"
95,"onnx/pgd_2_3_16.onnx","vnnlib/pgd_2_3_16_9466.vnnlib",100,100,0.54,"unknown","/data1/Kane/ACT/audit_results/cora_strict_20260526/vit_2023/0095__pgd_2_3_16__pgd_2_3_16_9466.result","/data1/Kane/ACT/audit_results/cora_strict_20260526/vit_2023/0095__pgd_2_3_16__pgd_2_3_16_9466.log"
96,"onnx/pgd_2_3_16.onnx","vnnlib/pgd_2_3_16_285.vnnlib",100,100,0.56,"unknown","/data1/Kane/ACT/audit_results/cora_strict_20260526/vit_2023/0096__pgd_2_3_16__pgd_2_3_16_285.result","/data1/Kane/ACT/audit_results/cora_strict_20260526/vit_2023/0096__pgd_2_3_16__pgd_2_3_16_285.log"
97,"onnx/pgd_2_3_16.onnx","vnnlib/pgd_2_3_16_1949.vnnlib",100,100,0.48,"unknown","/data1/Kane/ACT/audit_results/cora_strict_20260526/vit_2023/0097__pgd_2_3_16__pgd_2_3_16_1949.result","/data1/Kane/ACT/audit_results/cora_strict_20260526/vit_2023/0097__pgd_2_3_16__pgd_2_3_16_1949.log"
98,"onnx/pgd_2_3_16.onnx","vnnlib/pgd_2_3_16_3689.vnnlib",100,100,0.48,"unknown","/data1/Kane/ACT/audit_results/cora_strict_20260526/vit_2023/0098__pgd_2_3_16__pgd_2_3_16_3689.result","/data1/Kane/ACT/audit_results/cora_strict_20260526/vit_2023/0098__pgd_2_3_16__pgd_2_3_16_3689.log"
99,"onnx/pgd_2_3_16.onnx","vnnlib/pgd_2_3_16_3313.vnnlib",100,100,0.40,"unknown","/data1/Kane/ACT/audit_results/cora_strict_20260526/vit_2023/0099__pgd_2_3_16__pgd_2_3_16_3313.result","/data1/Kane/ACT/audit_results/cora_strict_20260526/vit_2023/0099__pgd_2_3_16__pgd_2_3_16_3313.log"
100,"onnx/pgd_2_3_16.onnx","vnnlib/pgd_2_3_16_8164.vnnlib",100,100,0.40,"unknown","/data1/Kane/ACT/audit_results/cora_strict_20260526/vit_2023/0100__pgd_2_3_16__pgd_2_3_16_8164.result","/data1/Kane/ACT/audit_results/cora_strict_20260526/vit_2023/0100__pgd_2_3_16__pgd_2_3_16_8164.log"
101,"onnx/ibp_3_3_8.onnx","vnnlib/ibp_3_3_8_3031.vnnlib",100,100,0.51,"unknown","/data1/Kane/ACT/audit_results/cora_strict_20260526/vit_2023/0101__ibp_3_3_8__ibp_3_3_8_3031.result","/data1/Kane/ACT/audit_results/cora_strict_20260526/vit_2023/0101__ibp_3_3_8__ibp_3_3_8_3031.log"
102,"onnx/ibp_3_3_8.onnx","vnnlib/ibp_3_3_8_746.vnnlib",100,100,0.49,"unknown","/data1/Kane/ACT/audit_results/cora_strict_20260526/vit_2023/0102__ibp_3_3_8__ibp_3_3_8_746.result","/data1/Kane/ACT/audit_results/cora_strict_20260526/vit_2023/0102__ibp_3_3_8__ibp_3_3_8_746.log"
103,"onnx/ibp_3_3_8.onnx","vnnlib/ibp_3_3_8_1151.vnnlib",100,100,0.49,"unknown","/data1/Kane/ACT/audit_results/cora_strict_20260526/vit_2023/0103__ibp_3_3_8__ibp_3_3_8_1151.result","/data1/Kane/ACT/audit_results/cora_strict_20260526/vit_2023/0103__ibp_3_3_8__ibp_3_3_8_1151.log"
104,"onnx/ibp_3_3_8.onnx","vnnlib/ibp_3_3_8_8369.vnnlib",100,100,0.48,"unknown","/data1/Kane/ACT/audit_results/cora_strict_20260526/vit_2023/0104__ibp_3_3_8__ibp_3_3_8_8369.result","/data1/Kane/ACT/audit_results/cora_strict_20260526/vit_2023/0104__ibp_3_3_8__ibp_3_3_8_8369.log"
105,"onnx/ibp_3_3_8.onnx","vnnlib/ibp_3_3_8_7011.vnnlib",100,100,0.50,"unknown","/data1/Kane/ACT/audit_results/cora_strict_20260526/vit_2023/0105__ibp_3_3_8__ibp_3_3_8_7011.result","/data1/Kane/ACT/audit_results/cora_strict_20260526/vit_2023/0105__ibp_3_3_8__ibp_3_3_8_7011.log"
106,"onnx/ibp_3_3_8.onnx","vnnlib/ibp_3_3_8_477.vnnlib",100,100,0.49,"unknown","/data1/Kane/ACT/audit_results/cora_strict_20260526/vit_2023/0106__ibp_3_3_8__ibp_3_3_8_477.result","/data1/Kane/ACT/audit_results/cora_strict_20260526/vit_2023/0106__ibp_3_3_8__ibp_3_3_8_477.log"
107,"onnx/ibp_3_3_8.onnx","vnnlib/ibp_3_3_8_4846.vnnlib",100,100,0.42,"unknown","/data1/Kane/ACT/audit_results/cora_strict_20260526/vit_2023/0107__ibp_3_3_8__ibp_3_3_8_4846.result","/data1/Kane/ACT/audit_results/cora_strict_20260526/vit_2023/0107__ibp_3_3_8__ibp_3_3_8_4846.log"
108,"onnx/ibp_3_3_8.onnx","vnnlib/ibp_3_3_8_6263.vnnlib",100,100,0.35,"unknown","/data1/Kane/ACT/audit_results/cora_strict_20260526/vit_2023/0108__ibp_3_3_8__ibp_3_3_8_6263.result","/data1/Kane/ACT/audit_results/cora_strict_20260526/vit_2023/0108__ibp_3_3_8__ibp_3_3_8_6263.log"
109,"onnx/ibp_3_3_8.onnx","vnnlib/ibp_3_3_8_2738.vnnlib",100,100,0.34,"unknown","/data1/Kane/ACT/audit_results/cora_strict_20260526/vit_2023/0109__ibp_3_3_8__ibp_3_3_8_2738.result","/data1/Kane/ACT/audit_results/cora_strict_20260526/vit_2023/0109__ibp_3_3_8__ibp_3_3_8_2738.log"
110,"onnx/ibp_3_3_8.onnx","vnnlib/ibp_3_3_8_3683.vnnlib",100,100,0.36,"unknown","/data1/Kane/ACT/audit_results/cora_strict_20260526/vit_2023/0110__ibp_3_3_8__ibp_3_3_8_3683.result","/data1/Kane/ACT/audit_results/cora_strict_20260526/vit_2023/0110__ibp_3_3_8__ibp_3_3_8_3683.log"
111,"onnx/ibp_3_3_8.onnx","vnnlib/ibp_3_3_8_8325.vnnlib",100,100,0.33,"unknown","/data1/Kane/ACT/audit_results/cora_strict_20260526/vit_2023/0111__ibp_3_3_8__ibp_3_3_8_8325.result","/data1/Kane/ACT/audit_results/cora_strict_20260526/vit_2023/0111__ibp_3_3_8__ibp_3_3_8_8325.log"
112,"onnx/ibp_3_3_8.onnx","vnnlib/ibp_3_3_8_8740.vnnlib",100,100,0.34,"unknown","/data1/Kane/ACT/audit_results/cora_strict_20260526/vit_2023/0112__ibp_3_3_8__ibp_3_3_8_8740.result","/data1/Kane/ACT/audit_results/cora_strict_20260526/vit_2023/0112__ibp_3_3_8__ibp_3_3_8_8740.log"
113,"onnx/ibp_3_3_8.onnx","vnnlib/ibp_3_3_8_3005.vnnlib",100,100,0.36,"unknown","/data1/Kane/ACT/audit_results/cora_strict_20260526/vit_2023/0113__ibp_3_3_8__ibp_3_3_8_3005.result","/data1/Kane/ACT/audit_results/cora_strict_20260526/vit_2023/0113__ibp_3_3_8__ibp_3_3_8_3005.log"
114,"onnx/ibp_3_3_8.onnx","vnnlib/ibp_3_3_8_5899.vnnlib",100,100,0.40,"unknown","/data1/Kane/ACT/audit_results/cora_strict_20260526/vit_2023/0114__ibp_3_3_8__ibp_3_3_8_5899.result","/data1/Kane/ACT/audit_results/cora_strict_20260526/vit_2023/0114__ibp_3_3_8__ibp_3_3_8_5899.log"
115,"onnx/ibp_3_3_8.onnx","vnnlib/ibp_3_3_8_8481.vnnlib",100,100,0.36,"unknown","/data1/Kane/ACT/audit_results/cora_strict_20260526/vit_2023/0115__ibp_3_3_8__ibp_3_3_8_8481.result","/data1/Kane/ACT/audit_results/cora_strict_20260526/vit_2023/0115__ibp_3_3_8__ibp_3_3_8_8481.log"
116,"onnx/ibp_3_3_8.onnx","vnnlib/ibp_3_3_8_4493.vnnlib",100,100,0.49,"unknown","/data1/Kane/ACT/audit_results/cora_strict_20260526/vit_2023/0116__ibp_3_3_8__ibp_3_3_8_4493.result","/data1/Kane/ACT/audit_results/cora_strict_20260526/vit_2023/0116__ibp_3_3_8__ibp_3_3_8_4493.log"
117,"onnx/ibp_3_3_8.onnx","vnnlib/ibp_3_3_8_5535.vnnlib",100,100,0.40,"unknown","/data1/Kane/ACT/audit_results/cora_strict_20260526/vit_2023/0117__ibp_3_3_8__ibp_3_3_8_5535.result","/data1/Kane/ACT/audit_results/cora_strict_20260526/vit_2023/0117__ibp_3_3_8__ibp_3_3_8_5535.log"
118,"onnx/ibp_3_3_8.onnx","vnnlib/ibp_3_3_8_9794.vnnlib",100,100,0.48,"unknown","/data1/Kane/ACT/audit_results/cora_strict_20260526/vit_2023/0118__ibp_3_3_8__ibp_3_3_8_9794.result","/data1/Kane/ACT/audit_results/cora_strict_20260526/vit_2023/0118__ibp_3_3_8__ibp_3_3_8_9794.log"
119,"onnx/ibp_3_3_8.onnx","vnnlib/ibp_3_3_8_5600.vnnlib",100,100,0.58,"unknown","/data1/Kane/ACT/audit_results/cora_strict_20260526/vit_2023/0119__ibp_3_3_8__ibp_3_3_8_5600.result","/data1/Kane/ACT/audit_results/cora_strict_20260526/vit_2023/0119__ibp_3_3_8__ibp_3_3_8_5600.log"
120,"onnx/ibp_3_3_8.onnx","vnnlib/ibp_3_3_8_3949.vnnlib",100,100,0.61,"unknown","/data1/Kane/ACT/audit_results/cora_strict_20260526/vit_2023/0120__ibp_3_3_8__ibp_3_3_8_3949.result","/data1/Kane/ACT/audit_results/cora_strict_20260526/vit_2023/0120__ibp_3_3_8__ibp_3_3_8_3949.log"
121,"onnx/ibp_3_3_8.onnx","vnnlib/ibp_3_3_8_1648.vnnlib",100,100,0.60,"unknown","/data1/Kane/ACT/audit_results/cora_strict_20260526/vit_2023/0121__ibp_3_3_8__ibp_3_3_8_1648.result","/data1/Kane/ACT/audit_results/cora_strict_20260526/vit_2023/0121__ibp_3_3_8__ibp_3_3_8_1648.log"
122,"onnx/ibp_3_3_8.onnx","vnnlib/ibp_3_3_8_2759.vnnlib",100,100,0.59,"unknown","/data1/Kane/ACT/audit_results/cora_strict_20260526/vit_2023/0122__ibp_3_3_8__ibp_3_3_8_2759.result","/data1/Kane/ACT/audit_results/cora_strict_20260526/vit_2023/0122__ibp_3_3_8__ibp_3_3_8_2759.log"
123,"onnx/ibp_3_3_8.onnx","vnnlib/ibp_3_3_8_1767.vnnlib",100,100,0.58,"unknown","/data1/Kane/ACT/audit_results/cora_strict_20260526/vit_2023/0123__ibp_3_3_8__ibp_3_3_8_1767.result","/data1/Kane/ACT/audit_results/cora_strict_20260526/vit_2023/0123__ibp_3_3_8__ibp_3_3_8_1767.log"
124,"onnx/ibp_3_3_8.onnx","vnnlib/ibp_3_3_8_260.vnnlib",100,100,0.50,"unknown","/data1/Kane/ACT/audit_results/cora_strict_20260526/vit_2023/0124__ibp_3_3_8__ibp_3_3_8_260.result","/data1/Kane/ACT/audit_results/cora_strict_20260526/vit_2023/0124__ibp_3_3_8__ibp_3_3_8_260.log"
125,"onnx/ibp_3_3_8.onnx","vnnlib/ibp_3_3_8_9708.vnnlib",100,100,0.55,"unknown","/data1/Kane/ACT/audit_results/cora_strict_20260526/vit_2023/0125__ibp_3_3_8__ibp_3_3_8_9708.result","/data1/Kane/ACT/audit_results/cora_strict_20260526/vit_2023/0125__ibp_3_3_8__ibp_3_3_8_9708.log"
126,"onnx/ibp_3_3_8.onnx","vnnlib/ibp_3_3_8_2303.vnnlib",100,100,0.58,"unknown","/data1/Kane/ACT/audit_results/cora_strict_20260526/vit_2023/0126__ibp_3_3_8__ibp_3_3_8_2303.result","/data1/Kane/ACT/audit_results/cora_strict_20260526/vit_2023/0126__ibp_3_3_8__ibp_3_3_8_2303.log"
127,"onnx/ibp_3_3_8.onnx","vnnlib/ibp_3_3_8_7671.vnnlib",100,100,0.62,"unknown","/data1/Kane/ACT/audit_results/cora_strict_20260526/vit_2023/0127__ibp_3_3_8__ibp_3_3_8_7671.result","/data1/Kane/ACT/audit_results/cora_strict_20260526/vit_2023/0127__ibp_3_3_8__ibp_3_3_8_7671.log"
128,"onnx/ibp_3_3_8.onnx","vnnlib/ibp_3_3_8_1796.vnnlib",100,100,0.58,"unknown","/data1/Kane/ACT/audit_results/cora_strict_20260526/vit_2023/0128__ibp_3_3_8__ibp_3_3_8_1796.result","/data1/Kane/ACT/audit_results/cora_strict_20260526/vit_2023/0128__ibp_3_3_8__ibp_3_3_8_1796.log"
129,"onnx/ibp_3_3_8.onnx","vnnlib/ibp_3_3_8_467.vnnlib",100,100,0.58,"unknown","/data1/Kane/ACT/audit_results/cora_strict_20260526/vit_2023/0129__ibp_3_3_8__ibp_3_3_8_467.result","/data1/Kane/ACT/audit_results/cora_strict_20260526/vit_2023/0129__ibp_3_3_8__ibp_3_3_8_467.log"
130,"onnx/ibp_3_3_8.onnx","vnnlib/ibp_3_3_8_2949.vnnlib",100,100,0.61,"unknown","/data1/Kane/ACT/audit_results/cora_strict_20260526/vit_2023/0130__ibp_3_3_8__ibp_3_3_8_2949.result","/data1/Kane/ACT/audit_results/cora_strict_20260526/vit_2023/0130__ibp_3_3_8__ibp_3_3_8_2949.log"
131,"onnx/ibp_3_3_8.onnx","vnnlib/ibp_3_3_8_6300.vnnlib",100,100,0.50,"unknown","/data1/Kane/ACT/audit_results/cora_strict_20260526/vit_2023/0131__ibp_3_3_8__ibp_3_3_8_6300.result","/data1/Kane/ACT/audit_results/cora_strict_20260526/vit_2023/0131__ibp_3_3_8__ibp_3_3_8_6300.log"
132,"onnx/ibp_3_3_8.onnx","vnnlib/ibp_3_3_8_9175.vnnlib",100,100,0.50,"unknown","/data1/Kane/ACT/audit_results/cora_strict_20260526/vit_2023/0132__ibp_3_3_8__ibp_3_3_8_9175.result","/data1/Kane/ACT/audit_results/cora_strict_20260526/vit_2023/0132__ibp_3_3_8__ibp_3_3_8_9175.log"
133,"onnx/ibp_3_3_8.onnx","vnnlib/ibp_3_3_8_6902.vnnlib",100,100,0.52,"unknown","/data1/Kane/ACT/audit_results/cora_strict_20260526/vit_2023/0133__ibp_3_3_8__ibp_3_3_8_6902.result","/data1/Kane/ACT/audit_results/cora_strict_20260526/vit_2023/0133__ibp_3_3_8__ibp_3_3_8_6902.log"
134,"onnx/ibp_3_3_8.onnx","vnnlib/ibp_3_3_8_7116.vnnlib",100,100,0.52,"unknown","/data1/Kane/ACT/audit_results/cora_strict_20260526/vit_2023/0134__ibp_3_3_8__ibp_3_3_8_7116.result","/data1/Kane/ACT/audit_results/cora_strict_20260526/vit_2023/0134__ibp_3_3_8__ibp_3_3_8_7116.log"
135,"onnx/ibp_3_3_8.onnx","vnnlib/ibp_3_3_8_9432.vnnlib",100,100,0.50,"unknown","/data1/Kane/ACT/audit_results/cora_strict_20260526/vit_2023/0135__ibp_3_3_8__ibp_3_3_8_9432.result","/data1/Kane/ACT/audit_results/cora_strict_20260526/vit_2023/0135__ibp_3_3_8__ibp_3_3_8_9432.log"
136,"onnx/ibp_3_3_8.onnx","vnnlib/ibp_3_3_8_7322.vnnlib",100,100,0.48,"unknown","/data1/Kane/ACT/audit_results/cora_strict_20260526/vit_2023/0136__ibp_3_3_8__ibp_3_3_8_7322.result","/data1/Kane/ACT/audit_results/cora_strict_20260526/vit_2023/0136__ibp_3_3_8__ibp_3_3_8_7322.log"
137,"onnx/ibp_3_3_8.onnx","vnnlib/ibp_3_3_8_1264.vnnlib",100,100,0.49,"unknown","/data1/Kane/ACT/audit_results/cora_strict_20260526/vit_2023/0137__ibp_3_3_8__ibp_3_3_8_1264.result","/data1/Kane/ACT/audit_results/cora_strict_20260526/vit_2023/0137__ibp_3_3_8__ibp_3_3_8_1264.log"
138,"onnx/ibp_3_3_8.onnx","vnnlib/ibp_3_3_8_8918.vnnlib",100,100,0.51,"unknown","/data1/Kane/ACT/audit_results/cora_strict_20260526/vit_2023/0138__ibp_3_3_8__ibp_3_3_8_8918.result","/data1/Kane/ACT/audit_results/cora_strict_20260526/vit_2023/0138__ibp_3_3_8__ibp_3_3_8_8918.log"
139,"onnx/ibp_3_3_8.onnx","vnnlib/ibp_3_3_8_6091.vnnlib",100,100,0.35,"unknown","/data1/Kane/ACT/audit_results/cora_strict_20260526/vit_2023/0139__ibp_3_3_8__ibp_3_3_8_6091.result","/data1/Kane/ACT/audit_results/cora_strict_20260526/vit_2023/0139__ibp_3_3_8__ibp_3_3_8_6091.log"
140,"onnx/ibp_3_3_8.onnx","vnnlib/ibp_3_3_8_4027.vnnlib",100,100,0.33,"unknown","/data1/Kane/ACT/audit_results/cora_strict_20260526/vit_2023/0140__ibp_3_3_8__ibp_3_3_8_4027.result","/data1/Kane/ACT/audit_results/cora_strict_20260526/vit_2023/0140__ibp_3_3_8__ibp_3_3_8_4027.log"
141,"onnx/ibp_3_3_8.onnx","vnnlib/ibp_3_3_8_1028.vnnlib",100,100,0.33,"unknown","/data1/Kane/ACT/audit_results/cora_strict_20260526/vit_2023/0141__ibp_3_3_8__ibp_3_3_8_1028.result","/data1/Kane/ACT/audit_results/cora_strict_20260526/vit_2023/0141__ibp_3_3_8__ibp_3_3_8_1028.log"
142,"onnx/ibp_3_3_8.onnx","vnnlib/ibp_3_3_8_7926.vnnlib",100,100,0.34,"unknown","/data1/Kane/ACT/audit_results/cora_strict_20260526/vit_2023/0142__ibp_3_3_8__ibp_3_3_8_7926.result","/data1/Kane/ACT/audit_results/cora_strict_20260526/vit_2023/0142__ibp_3_3_8__ibp_3_3_8_7926.log"
143,"onnx/ibp_3_3_8.onnx","vnnlib/ibp_3_3_8_2157.vnnlib",100,100,0.34,"unknown","/data1/Kane/ACT/audit_results/cora_strict_20260526/vit_2023/0143__ibp_3_3_8__ibp_3_3_8_2157.result","/data1/Kane/ACT/audit_results/cora_strict_20260526/vit_2023/0143__ibp_3_3_8__ibp_3_3_8_2157.log"
144,"onnx/ibp_3_3_8.onnx","vnnlib/ibp_3_3_8_9128.vnnlib",100,100,0.37,"unknown","/data1/Kane/ACT/audit_results/cora_strict_20260526/vit_2023/0144__ibp_3_3_8__ibp_3_3_8_9128.result","/data1/Kane/ACT/audit_results/cora_strict_20260526/vit_2023/0144__ibp_3_3_8__ibp_3_3_8_9128.log"
145,"onnx/ibp_3_3_8.onnx","vnnlib/ibp_3_3_8_9687.vnnlib",100,100,0.33,"unknown","/data1/Kane/ACT/audit_results/cora_strict_20260526/vit_2023/0145__ibp_3_3_8__ibp_3_3_8_9687.result","/data1/Kane/ACT/audit_results/cora_strict_20260526/vit_2023/0145__ibp_3_3_8__ibp_3_3_8_9687.log"
146,"onnx/ibp_3_3_8.onnx","vnnlib/ibp_3_3_8_4861.vnnlib",100,100,0.34,"unknown","/data1/Kane/ACT/audit_results/cora_strict_20260526/vit_2023/0146__ibp_3_3_8__ibp_3_3_8_4861.result","/data1/Kane/ACT/audit_results/cora_strict_20260526/vit_2023/0146__ibp_3_3_8__ibp_3_3_8_4861.log"
147,"onnx/ibp_3_3_8.onnx","vnnlib/ibp_3_3_8_9895.vnnlib",100,100,0.46,"unknown","/data1/Kane/ACT/audit_results/cora_strict_20260526/vit_2023/0147__ibp_3_3_8__ibp_3_3_8_9895.result","/data1/Kane/ACT/audit_results/cora_strict_20260526/vit_2023/0147__ibp_3_3_8__ibp_3_3_8_9895.log"
148,"onnx/ibp_3_3_8.onnx","vnnlib/ibp_3_3_8_8386.vnnlib",100,100,0.51,"unknown","/data1/Kane/ACT/audit_results/cora_strict_20260526/vit_2023/0148__ibp_3_3_8__ibp_3_3_8_8386.result","/data1/Kane/ACT/audit_results/cora_strict_20260526/vit_2023/0148__ibp_3_3_8__ibp_3_3_8_8386.log"
149,"onnx/ibp_3_3_8.onnx","vnnlib/ibp_3_3_8_440.vnnlib",100,100,0.53,"unknown","/data1/Kane/ACT/audit_results/cora_strict_20260526/vit_2023/0149__ibp_3_3_8__ibp_3_3_8_440.result","/data1/Kane/ACT/audit_results/cora_strict_20260526/vit_2023/0149__ibp_3_3_8__ibp_3_3_8_440.log"
150,"onnx/ibp_3_3_8.onnx","vnnlib/ibp_3_3_8_8783.vnnlib",100,100,0.51,"unknown","/data1/Kane/ACT/audit_results/cora_strict_20260526/vit_2023/0150__ibp_3_3_8__ibp_3_3_8_8783.result","/data1/Kane/ACT/audit_results/cora_strict_20260526/vit_2023/0150__ibp_3_3_8__ibp_3_3_8_8783.log"
151,"onnx/ibp_3_3_8.onnx","vnnlib/ibp_3_3_8_9965.vnnlib",100,100,0.51,"unknown","/data1/Kane/ACT/audit_results/cora_strict_20260526/vit_2023/0151__ibp_3_3_8__ibp_3_3_8_9965.result","/data1/Kane/ACT/audit_results/cora_strict_20260526/vit_2023/0151__ibp_3_3_8__ibp_3_3_8_9965.log"
152,"onnx/ibp_3_3_8.onnx","vnnlib/ibp_3_3_8_3895.vnnlib",100,100,0.52,"unknown","/data1/Kane/ACT/audit_results/cora_strict_20260526/vit_2023/0152__ibp_3_3_8__ibp_3_3_8_3895.result","/data1/Kane/ACT/audit_results/cora_strict_20260526/vit_2023/0152__ibp_3_3_8__ibp_3_3_8_3895.log"
153,"onnx/ibp_3_3_8.onnx","vnnlib/ibp_3_3_8_8146.vnnlib",100,100,0.63,"unknown","/data1/Kane/ACT/audit_results/cora_strict_20260526/vit_2023/0153__ibp_3_3_8__ibp_3_3_8_8146.result","/data1/Kane/ACT/audit_results/cora_strict_20260526/vit_2023/0153__ibp_3_3_8__ibp_3_3_8_8146.log"
154,"onnx/ibp_3_3_8.onnx","vnnlib/ibp_3_3_8_8137.vnnlib",100,100,0.50,"unknown","/data1/Kane/ACT/audit_results/cora_strict_20260526/vit_2023/0154__ibp_3_3_8__ibp_3_3_8_8137.result","/data1/Kane/ACT/audit_results/cora_strict_20260526/vit_2023/0154__ibp_3_3_8__ibp_3_3_8_8137.log"
155,"onnx/ibp_3_3_8.onnx","vnnlib/ibp_3_3_8_5532.vnnlib",100,100,0.45,"unknown","/data1/Kane/ACT/audit_results/cora_strict_20260526/vit_2023/0155__ibp_3_3_8__ibp_3_3_8_5532.result","/data1/Kane/ACT/audit_results/cora_strict_20260526/vit_2023/0155__ibp_3_3_8__ibp_3_3_8_5532.log"
156,"onnx/ibp_3_3_8.onnx","vnnlib/ibp_3_3_8_9430.vnnlib",100,100,0.34,"unknown","/data1/Kane/ACT/audit_results/cora_strict_20260526/vit_2023/0156__ibp_3_3_8__ibp_3_3_8_9430.result","/data1/Kane/ACT/audit_results/cora_strict_20260526/vit_2023/0156__ibp_3_3_8__ibp_3_3_8_9430.log"
157,"onnx/ibp_3_3_8.onnx","vnnlib/ibp_3_3_8_2383.vnnlib",100,100,0.36,"unknown","/data1/Kane/ACT/audit_results/cora_strict_20260526/vit_2023/0157__ibp_3_3_8__ibp_3_3_8_2383.result","/data1/Kane/ACT/audit_results/cora_strict_20260526/vit_2023/0157__ibp_3_3_8__ibp_3_3_8_2383.log"
158,"onnx/ibp_3_3_8.onnx","vnnlib/ibp_3_3_8_6438.vnnlib",100,100,0.34,"unknown","/data1/Kane/ACT/audit_results/cora_strict_20260526/vit_2023/0158__ibp_3_3_8__ibp_3_3_8_6438.result","/data1/Kane/ACT/audit_results/cora_strict_20260526/vit_2023/0158__ibp_3_3_8__ibp_3_3_8_6438.log"
159,"onnx/ibp_3_3_8.onnx","vnnlib/ibp_3_3_8_4703.vnnlib",100,100,0.40,"unknown","/data1/Kane/ACT/audit_results/cora_strict_20260526/vit_2023/0159__ibp_3_3_8__ibp_3_3_8_4703.result","/data1/Kane/ACT/audit_results/cora_strict_20260526/vit_2023/0159__ibp_3_3_8__ibp_3_3_8_4703.log"
160,"onnx/ibp_3_3_8.onnx","vnnlib/ibp_3_3_8_5402.vnnlib",100,100,0.35,"unknown","/data1/Kane/ACT/audit_results/cora_strict_20260526/vit_2023/0160__ibp_3_3_8__ibp_3_3_8_5402.result","/data1/Kane/ACT/audit_results/cora_strict_20260526/vit_2023/0160__ibp_3_3_8__ibp_3_3_8_5402.log"
161,"onnx/ibp_3_3_8.onnx","vnnlib/ibp_3_3_8_7364.vnnlib",100,100,0.33,"unknown","/data1/Kane/ACT/audit_results/cora_strict_20260526/vit_2023/0161__ibp_3_3_8__ibp_3_3_8_7364.result","/data1/Kane/ACT/audit_results/cora_strict_20260526/vit_2023/0161__ibp_3_3_8__ibp_3_3_8_7364.log"
162,"onnx/ibp_3_3_8.onnx","vnnlib/ibp_3_3_8_7227.vnnlib",100,100,0.34,"unknown","/data1/Kane/ACT/audit_results/cora_strict_20260526/vit_2023/0162__ibp_3_3_8__ibp_3_3_8_7227.result","/data1/Kane/ACT/audit_results/cora_strict_20260526/vit_2023/0162__ibp_3_3_8__ibp_3_3_8_7227.log"
163,"onnx/ibp_3_3_8.onnx","vnnlib/ibp_3_3_8_4603.vnnlib",100,100,0.37,"unknown","/data1/Kane/ACT/audit_results/cora_strict_20260526/vit_2023/0163__ibp_3_3_8__ibp_3_3_8_4603.result","/data1/Kane/ACT/audit_results/cora_strict_20260526/vit_2023/0163__ibp_3_3_8__ibp_3_3_8_4603.log"
164,"onnx/ibp_3_3_8.onnx","vnnlib/ibp_3_3_8_8792.vnnlib",100,100,0.35,"unknown","/data1/Kane/ACT/audit_results/cora_strict_20260526/vit_2023/0164__ibp_3_3_8__ibp_3_3_8_8792.result","/data1/Kane/ACT/audit_results/cora_strict_20260526/vit_2023/0164__ibp_3_3_8__ibp_3_3_8_8792.log"
165,"onnx/ibp_3_3_8.onnx","vnnlib/ibp_3_3_8_6025.vnnlib",100,100,0.34,"unknown","/data1/Kane/ACT/audit_results/cora_strict_20260526/vit_2023/0165__ibp_3_3_8__ibp_3_3_8_6025.result","/data1/Kane/ACT/audit_results/cora_strict_20260526/vit_2023/0165__ibp_3_3_8__ibp_3_3_8_6025.log"
166,"onnx/ibp_3_3_8.onnx","vnnlib/ibp_3_3_8_236.vnnlib",100,100,0.35,"unknown","/data1/Kane/ACT/audit_results/cora_strict_20260526/vit_2023/0166__ibp_3_3_8__ibp_3_3_8_236.result","/data1/Kane/ACT/audit_results/cora_strict_20260526/vit_2023/0166__ibp_3_3_8__ibp_3_3_8_236.log"
167,"onnx/ibp_3_3_8.onnx","vnnlib/ibp_3_3_8_7157.vnnlib",100,100,0.34,"unknown","/data1/Kane/ACT/audit_results/cora_strict_20260526/vit_2023/0167__ibp_3_3_8__ibp_3_3_8_7157.result","/data1/Kane/ACT/audit_results/cora_strict_20260526/vit_2023/0167__ibp_3_3_8__ibp_3_3_8_7157.log"
168,"onnx/ibp_3_3_8.onnx","vnnlib/ibp_3_3_8_6401.vnnlib",100,100,0.46,"unknown","/data1/Kane/ACT/audit_results/cora_strict_20260526/vit_2023/0168__ibp_3_3_8__ibp_3_3_8_6401.result","/data1/Kane/ACT/audit_results/cora_strict_20260526/vit_2023/0168__ibp_3_3_8__ibp_3_3_8_6401.log"
169,"onnx/ibp_3_3_8.onnx","vnnlib/ibp_3_3_8_3850.vnnlib",100,100,0.52,"unknown","/data1/Kane/ACT/audit_results/cora_strict_20260526/vit_2023/0169__ibp_3_3_8__ibp_3_3_8_3850.result","/data1/Kane/ACT/audit_results/cora_strict_20260526/vit_2023/0169__ibp_3_3_8__ibp_3_3_8_3850.log"
170,"onnx/ibp_3_3_8.onnx","vnnlib/ibp_3_3_8_4297.vnnlib",100,100,0.51,"unknown","/data1/Kane/ACT/audit_results/cora_strict_20260526/vit_2023/0170__ibp_3_3_8__ibp_3_3_8_4297.result","/data1/Kane/ACT/audit_results/cora_strict_20260526/vit_2023/0170__ibp_3_3_8__ibp_3_3_8_4297.log"
171,"onnx/ibp_3_3_8.onnx","vnnlib/ibp_3_3_8_3158.vnnlib",100,100,0.53,"unknown","/data1/Kane/ACT/audit_results/cora_strict_20260526/vit_2023/0171__ibp_3_3_8__ibp_3_3_8_3158.result","/data1/Kane/ACT/audit_results/cora_strict_20260526/vit_2023/0171__ibp_3_3_8__ibp_3_3_8_3158.log"
172,"onnx/ibp_3_3_8.onnx","vnnlib/ibp_3_3_8_2671.vnnlib",100,100,0.54,"unknown","/data1/Kane/ACT/audit_results/cora_strict_20260526/vit_2023/0172__ibp_3_3_8__ibp_3_3_8_2671.result","/data1/Kane/ACT/audit_results/cora_strict_20260526/vit_2023/0172__ibp_3_3_8__ibp_3_3_8_2671.log"
173,"onnx/ibp_3_3_8.onnx","vnnlib/ibp_3_3_8_3193.vnnlib",100,100,0.52,"unknown","/data1/Kane/ACT/audit_results/cora_strict_20260526/vit_2023/0173__ibp_3_3_8__ibp_3_3_8_3193.result","/data1/Kane/ACT/audit_results/cora_strict_20260526/vit_2023/0173__ibp_3_3_8__ibp_3_3_8_3193.log"
174,"onnx/ibp_3_3_8.onnx","vnnlib/ibp_3_3_8_2339.vnnlib",100,100,0.37,"unknown","/data1/Kane/ACT/audit_results/cora_strict_20260526/vit_2023/0174__ibp_3_3_8__ibp_3_3_8_2339.result","/data1/Kane/ACT/audit_results/cora_strict_20260526/vit_2023/0174__ibp_3_3_8__ibp_3_3_8_2339.log"
175,"onnx/ibp_3_3_8.onnx","vnnlib/ibp_3_3_8_1656.vnnlib",100,100,0.36,"unknown","/data1/Kane/ACT/audit_results/cora_strict_20260526/vit_2023/0175__ibp_3_3_8__ibp_3_3_8_1656.result","/data1/Kane/ACT/audit_results/cora_strict_20260526/vit_2023/0175__ibp_3_3_8__ibp_3_3_8_1656.log"
176,"onnx/ibp_3_3_8.onnx","vnnlib/ibp_3_3_8_4199.vnnlib",100,100,0.34,"unknown","/data1/Kane/ACT/audit_results/cora_strict_20260526/vit_2023/0176__ibp_3_3_8__ibp_3_3_8_4199.result","/data1/Kane/ACT/audit_results/cora_strict_20260526/vit_2023/0176__ibp_3_3_8__ibp_3_3_8_4199.log"
177,"onnx/ibp_3_3_8.onnx","vnnlib/ibp_3_3_8_7682.vnnlib",100,100,0.37,"unknown","/data1/Kane/ACT/audit_results/cora_strict_20260526/vit_2023/0177__ibp_3_3_8__ibp_3_3_8_7682.result","/data1/Kane/ACT/audit_results/cora_strict_20260526/vit_2023/0177__ibp_3_3_8__ibp_3_3_8_7682.log"
178,"onnx/ibp_3_3_8.onnx","vnnlib/ibp_3_3_8_2429.vnnlib",100,100,0.33,"unknown","/data1/Kane/ACT/audit_results/cora_strict_20260526/vit_2023/0178__ibp_3_3_8__ibp_3_3_8_2429.result","/data1/Kane/ACT/audit_results/cora_strict_20260526/vit_2023/0178__ibp_3_3_8__ibp_3_3_8_2429.log"
179,"onnx/ibp_3_3_8.onnx","vnnlib/ibp_3_3_8_7305.vnnlib",100,100,0.36,"unknown","/data1/Kane/ACT/audit_results/cora_strict_20260526/vit_2023/0179__ibp_3_3_8__ibp_3_3_8_7305.result","/data1/Kane/ACT/audit_results/cora_strict_20260526/vit_2023/0179__ibp_3_3_8__ibp_3_3_8_7305.log"
180,"onnx/ibp_3_3_8.onnx","vnnlib/ibp_3_3_8_6769.vnnlib",100,100,0.34,"unknown","/data1/Kane/ACT/audit_results/cora_strict_20260526/vit_2023/0180__ibp_3_3_8__ibp_3_3_8_6769.result","/data1/Kane/ACT/audit_results/cora_strict_20260526/vit_2023/0180__ibp_3_3_8__ibp_3_3_8_6769.log"
181,"onnx/ibp_3_3_8.onnx","vnnlib/ibp_3_3_8_253.vnnlib",100,100,0.34,"unknown","/data1/Kane/ACT/audit_results/cora_strict_20260526/vit_2023/0181__ibp_3_3_8__ibp_3_3_8_253.result","/data1/Kane/ACT/audit_results/cora_strict_20260526/vit_2023/0181__ibp_3_3_8__ibp_3_3_8_253.log"
182,"onnx/ibp_3_3_8.onnx","vnnlib/ibp_3_3_8_7132.vnnlib",100,100,0.38,"unknown","/data1/Kane/ACT/audit_results/cora_strict_20260526/vit_2023/0182__ibp_3_3_8__ibp_3_3_8_7132.result","/data1/Kane/ACT/audit_results/cora_strict_20260526/vit_2023/0182__ibp_3_3_8__ibp_3_3_8_7132.log"
183,"onnx/ibp_3_3_8.onnx","vnnlib/ibp_3_3_8_4879.vnnlib",100,100,0.37,"unknown","/data1/Kane/ACT/audit_results/cora_strict_20260526/vit_2023/0183__ibp_3_3_8__ibp_3_3_8_4879.result","/data1/Kane/ACT/audit_results/cora_strict_20260526/vit_2023/0183__ibp_3_3_8__ibp_3_3_8_4879.log"
184,"onnx/ibp_3_3_8.onnx","vnnlib/ibp_3_3_8_5753.vnnlib",100,100,0.34,"unknown","/data1/Kane/ACT/audit_results/cora_strict_20260526/vit_2023/0184__ibp_3_3_8__ibp_3_3_8_5753.result","/data1/Kane/ACT/audit_results/cora_strict_20260526/vit_2023/0184__ibp_3_3_8__ibp_3_3_8_5753.log"
185,"onnx/ibp_3_3_8.onnx","vnnlib/ibp_3_3_8_9481.vnnlib",100,100,0.33,"unknown","/data1/Kane/ACT/audit_results/cora_strict_20260526/vit_2023/0185__ibp_3_3_8__ibp_3_3_8_9481.result","/data1/Kane/ACT/audit_results/cora_strict_20260526/vit_2023/0185__ibp_3_3_8__ibp_3_3_8_9481.log"
186,"onnx/ibp_3_3_8.onnx","vnnlib/ibp_3_3_8_996.vnnlib",100,100,0.33,"unknown","/data1/Kane/ACT/audit_results/cora_strict_20260526/vit_2023/0186__ibp_3_3_8__ibp_3_3_8_996.result","/data1/Kane/ACT/audit_results/cora_strict_20260526/vit_2023/0186__ibp_3_3_8__ibp_3_3_8_996.log"
187,"onnx/ibp_3_3_8.onnx","vnnlib/ibp_3_3_8_9059.vnnlib",100,100,0.33,"unknown","/data1/Kane/ACT/audit_results/cora_strict_20260526/vit_2023/0187__ibp_3_3_8__ibp_3_3_8_9059.result","/data1/Kane/ACT/audit_results/cora_strict_20260526/vit_2023/0187__ibp_3_3_8__ibp_3_3_8_9059.log"
188,"onnx/ibp_3_3_8.onnx","vnnlib/ibp_3_3_8_3131.vnnlib",100,100,0.34,"unknown","/data1/Kane/ACT/audit_results/cora_strict_20260526/vit_2023/0188__ibp_3_3_8__ibp_3_3_8_3131.result","/data1/Kane/ACT/audit_results/cora_strict_20260526/vit_2023/0188__ibp_3_3_8__ibp_3_3_8_3131.log"
189,"onnx/ibp_3_3_8.onnx","vnnlib/ibp_3_3_8_7624.vnnlib",100,100,0.44,"unknown","/data1/Kane/ACT/audit_results/cora_strict_20260526/vit_2023/0189__ibp_3_3_8__ibp_3_3_8_7624.result","/data1/Kane/ACT/audit_results/cora_strict_20260526/vit_2023/0189__ibp_3_3_8__ibp_3_3_8_7624.log"
190,"onnx/ibp_3_3_8.onnx","vnnlib/ibp_3_3_8_6948.vnnlib",100,100,0.35,"unknown","/data1/Kane/ACT/audit_results/cora_strict_20260526/vit_2023/0190__ibp_3_3_8__ibp_3_3_8_6948.result","/data1/Kane/ACT/audit_results/cora_strict_20260526/vit_2023/0190__ibp_3_3_8__ibp_3_3_8_6948.log"
191,"onnx/ibp_3_3_8.onnx","vnnlib/ibp_3_3_8_7689.vnnlib",100,100,0.37,"unknown","/data1/Kane/ACT/audit_results/cora_strict_20260526/vit_2023/0191__ibp_3_3_8__ibp_3_3_8_7689.result","/data1/Kane/ACT/audit_results/cora_strict_20260526/vit_2023/0191__ibp_3_3_8__ibp_3_3_8_7689.log"
192,"onnx/ibp_3_3_8.onnx","vnnlib/ibp_3_3_8_8694.vnnlib",100,100,0.37,"unknown","/data1/Kane/ACT/audit_results/cora_strict_20260526/vit_2023/0192__ibp_3_3_8__ibp_3_3_8_8694.result","/data1/Kane/ACT/audit_results/cora_strict_20260526/vit_2023/0192__ibp_3_3_8__ibp_3_3_8_8694.log"
193,"onnx/ibp_3_3_8.onnx","vnnlib/ibp_3_3_8_2851.vnnlib",100,100,0.34,"unknown","/data1/Kane/ACT/audit_results/cora_strict_20260526/vit_2023/0193__ibp_3_3_8__ibp_3_3_8_2851.result","/data1/Kane/ACT/audit_results/cora_strict_20260526/vit_2023/0193__ibp_3_3_8__ibp_3_3_8_2851.log"
194,"onnx/ibp_3_3_8.onnx","vnnlib/ibp_3_3_8_8354.vnnlib",100,100,0.53,"unknown","/data1/Kane/ACT/audit_results/cora_strict_20260526/vit_2023/0194__ibp_3_3_8__ibp_3_3_8_8354.result","/data1/Kane/ACT/audit_results/cora_strict_20260526/vit_2023/0194__ibp_3_3_8__ibp_3_3_8_8354.log"
195,"onnx/ibp_3_3_8.onnx","vnnlib/ibp_3_3_8_8900.vnnlib",100,100,0.36,"unknown","/data1/Kane/ACT/audit_results/cora_strict_20260526/vit_2023/0195__ibp_3_3_8__ibp_3_3_8_8900.result","/data1/Kane/ACT/audit_results/cora_strict_20260526/vit_2023/0195__ibp_3_3_8__ibp_3_3_8_8900.log"
196,"onnx/ibp_3_3_8.onnx","vnnlib/ibp_3_3_8_3810.vnnlib",100,100,0.33,"unknown","/data1/Kane/ACT/audit_results/cora_strict_20260526/vit_2023/0196__ibp_3_3_8__ibp_3_3_8_3810.result","/data1/Kane/ACT/audit_results/cora_strict_20260526/vit_2023/0196__ibp_3_3_8__ibp_3_3_8_3810.log"
197,"onnx/ibp_3_3_8.onnx","vnnlib/ibp_3_3_8_460.vnnlib",100,100,0.45,"unknown","/data1/Kane/ACT/audit_results/cora_strict_20260526/vit_2023/0197__ibp_3_3_8__ibp_3_3_8_460.result","/data1/Kane/ACT/audit_results/cora_strict_20260526/vit_2023/0197__ibp_3_3_8__ibp_3_3_8_460.log"
198,"onnx/ibp_3_3_8.onnx","vnnlib/ibp_3_3_8_6239.vnnlib",100,100,0.49,"unknown","/data1/Kane/ACT/audit_results/cora_strict_20260526/vit_2023/0198__ibp_3_3_8__ibp_3_3_8_6239.result","/data1/Kane/ACT/audit_results/cora_strict_20260526/vit_2023/0198__ibp_3_3_8__ibp_3_3_8_6239.log"
199,"onnx/ibp_3_3_8.onnx","vnnlib/ibp_3_3_8_4831.vnnlib",100,100,0.46,"unknown","/data1/Kane/ACT/audit_results/cora_strict_20260526/vit_2023/0199__ibp_3_3_8__ibp_3_3_8_4831.result","/data1/Kane/ACT/audit_results/cora_strict_20260526/vit_2023/0199__ibp_3_3_8__ibp_3_3_8_4831.log"
200,"onnx/ibp_3_3_8.onnx","vnnlib/ibp_3_3_8_8370.vnnlib",100,100,0.33,"unknown","/data1/Kane/ACT/audit_results/cora_strict_20260526/vit_2023/0200__ibp_3_3_8__ibp_3_3_8_8370.result","/data1/Kane/ACT/audit_results/cora_strict_20260526/vit_2023/0200__ibp_3_3_8__ibp_3_3_8_8370.log"
