model_id,sample_rank,dataset_index,boundary_status,boundary_reason,route_upper,verification_epsilon,exact_feasible_pair_count,fixed_route_unstable_rows,fixed_zonotope_reduction_rows,fixed_ibp_reduction_rows,boundary_guard_binaries_eliminated,f0_invoked,decision_tier,unique_safe,full_model_witness_valid,candidate_seconds,gate_seconds,f0_time_kind,f0_seconds,f0_seconds_lower_bound,total_seconds
seed1,0,1000,SAFE,SAFE_WEIGHTED_RANGE,0.0011776194852941178,0.0012365004595588237,2,3,0,1,3,True,TIER2_F0,True,False,0.3650347590446472,4.606497930362821,OBSERVED,7.665864535607398,,17.017242265865207
seed1,1,1002,UNKNOWN,NO_ROUTE_BOUNDARY_WITHIN_SEARCH,,,,0,0,0,,False,BOUNDARY_NOT_APPLICABLE_WITHIN_CAP,False,False,,,NOT_INVOKED,,,4.2810092475265265
seed1,2,1003,UNSAFE,UNSAFE_FULL_FORWARD,0.014522058823529412,0.015248161764705883,2,0,0,0,31,False,TIER1_OR_PRE_F0,False,True,1.327615799382329,188.7094417102635,NOT_INVOKED,,,196.2255736105144
seed1,3,1004,UNKNOWN,NO_ROUTE_BOUNDARY_WITHIN_SEARCH,,,,0,0,0,,False,BOUNDARY_NOT_APPLICABLE_WITHIN_CAP,False,False,,,NOT_INVOKED,,,3.926898257806897
seed1,4,1005,SAFE,SAFE_WEIGHTED_RANGE,0.004327512254901961,0.004543887867647059,2,1,0,1,9,True,TIER2_F0,True,False,0.7115857265889645,11.711916925385594,OBSERVED,37.21166348922998,,54.278190332464874
seed1,5,1006,UNKNOWN,NO_ROUTE_BOUNDARY_WITHIN_SEARCH,,,,0,0,0,,False,BOUNDARY_NOT_APPLICABLE_WITHIN_CAP,False,False,,,NOT_INVOKED,,,4.305901297368109
seed1,6,1007,UNSAFE,UNSAFE_FULL_FORWARD_FALLBACK,0.013970588235294117,0.014669117647058824,2,0,0,0,36,True,TIER2_F0,False,True,1.4323031641542912,140.93763168528676,OBSERVED,8.61769880540669,,157.8256007740274
seed1,7,1010,SAFE,SAFE_WEIGHTED_RANGE,0.009390318627450982,0.00985983455882353,2,0,0,0,23,True,TIER2_F0,True,False,0.5284070409834385,43.65065397042781,OBSERVED,49.818759171292186,,99.45601653214544
seed1,8,1011,UNKNOWN,NO_ROUTE_BOUNDARY_WITHIN_SEARCH,,,,0,0,0,,False,BOUNDARY_NOT_APPLICABLE_WITHIN_CAP,False,False,,,NOT_INVOKED,,,5.243155794218183
seed1,9,1012,UNSAFE,UNSAFE_FULL_FORWARD_FALLBACK,0.00856311274509804,0.008991268382352943,2,0,0,0,26,True,TIER2_F0,False,True,0.7521419264376163,94.44331119395792,OBSERVED,17.56735659111291,,119.55498028174043
seed1,10,1013,SAFE,SAFE_WEIGHTED_RANGE,0.003860294117647059,0.0040533088235294125,2,2,0,0,0,True,TIER2_F0,True,False,0.3640805557370186,4.382614658214152,OBSERVED,9.733784499578178,,19.02060300949961
seed1,11,1016,TIMEOUT,INSTANCE_HARD_DEADLINE,,,,0,0,0,,True,TIER2_F0,False,False,,,RIGHT_CENSORED_AT_INSTANCE_DEADLINE,,0.0,300.2394873695448
seed1,12,1022,SAFE,SAFE_WEIGHTED_RANGE,0.006096813725490195,0.006401654411764705,2,1,0,1,9,True,TIER2_F0,True,False,0.773493149317801,33.46187752485275,OBSERVED,39.65800682362169,,79.682079651393
seed1,13,1023,UNKNOWN,NO_ROUTE_BOUNDARY_WITHIN_SEARCH,,,,0,0,0,,False,BOUNDARY_NOT_APPLICABLE_WITHIN_CAP,False,False,,,NOT_INVOKED,,,3.993271810002625
seed1,14,1025,UNSAFE,UNSAFE_FULL_FORWARD,0.010094975490196077,0.010599724264705882,2,0,0,0,15,False,TIER1_OR_PRE_F0,False,True,0.8199051041156054,91.3796349754557,NOT_INVOKED,,,98.10458186455071
seed1,15,1029,TIMEOUT,TIMEOUT_EXPERT_SOLVE,0.006533394607843137,0.006860064338235294,2,1,0,1,36,False,TIER1_OR_PRE_F0,False,False,0.5522724343463778,92.24060282111168,NOT_INVOKED,,,97.996178323403
seed1,16,1033,UNKNOWN,UNKNOWN_WEIGHTED_SOLVER_LIMIT,0.004250919117647059,0.004463465073529412,2,1,1,1,8,True,TIER2_F0,False,False,0.6462917076423764,14.717389909550548,OBSERVED,49.831399166956544,,70.33000284992158
seed1,17,1035,SAFE,SAFE_WEIGHTED_RANGE,0.0029871323529411763,0.0031364889705882354,2,2,2,2,18,True,TIER2_F0,True,False,0.42716576159000397,24.52792759798467,OBSERVED,46.135867967270315,,76.26017970219254
seed1,18,1037,UNKNOWN,UNKNOWN_WEIGHTED_SOLVER_LIMIT,0.0067248774509803926,0.0070611213235294125,2,1,0,1,19,True,TIER2_F0,False,False,0.6555928718298674,16.19456208869815,OBSERVED,68.55261832289398,,91.29512779787183
seed1,19,1038,UNKNOWN,NO_ROUTE_BOUNDARY_WITHIN_SEARCH,,,,0,0,0,,False,BOUNDARY_NOT_APPLICABLE_WITHIN_CAP,False,False,,,NOT_INVOKED,,,3.720271896570921
seed1,20,1044,UNKNOWN,NO_ROUTE_BOUNDARY_WITHIN_SEARCH,,,,0,0,0,,False,BOUNDARY_NOT_APPLICABLE_WITHIN_CAP,False,False,,,NOT_INVOKED,,,7.300863257609308
seed1,21,1046,UNSAFE,UNSAFE_FULL_FORWARD_FALLBACK,0.0016831341911764707,0.0017672909007352942,3,3,0,3,1,True,TIER2_F0,False,True,0.3561716927215457,7.22489136364311,OBSERVED,1.5726031986996531,,14.470155808143318
seed1,22,1048,UNSAFE,UNSAFE_FULL_FORWARD,0.007996323529411764,0.008396139705882353,2,0,0,0,20,False,TIER1_OR_PRE_F0,False,True,0.713580603711307,59.4028683854267,NOT_INVOKED,,,66.17546995915473
seed1,23,1054,UNKNOWN,UNKNOWN_WEIGHTED_SOLVER_LIMIT,0.011014093137254901,0.011564797794117647,2,0,0,0,34,True,TIER2_F0,False,False,0.5242241714149714,126.44474784750491,OBSERVED,106.88252172712237,,239.5250378837809
seed1,24,1057,SAFE,SAFE_WEIGHTED_RANGE,0.0004021139705882353,0.0004222196691176471,2,4,1,3,2,True,TIER2_F0,True,False,0.37676387187093496,3.2502675959840417,OBSERVED,7.890422076918185,,15.884406107477844
seed1,25,1060,UNSAFE,UNSAFE_FULL_FORWARD_FALLBACK,0.013556985294117647,0.014234834558823531,2,0,0,0,33,True,TIER2_F0,False,True,0.31104997638612986,116.67411858029664,OBSERVED,49.5466869212687,,171.74359491746873
seed1,26,1061,UNSAFE,UNSAFE_FULL_FORWARD_FALLBACK,0.005890012254901961,0.006184512867647059,2,1,0,1,4,True,TIER2_F0,False,True,0.3603832880035043,30.416559507139027,OBSERVED,11.220388105139136,,47.94366557523608
seed1,27,1067,UNKNOWN,NO_ROUTE_BOUNDARY_WITHIN_SEARCH,,,,0,0,0,,False,BOUNDARY_NOT_APPLICABLE_WITHIN_CAP,False,False,,,NOT_INVOKED,,,3.9546018540859222
seed1,28,1070,SAFE,SAFE_WEIGHTED_RANGE,0.004641544117647058,0.0048736213235294115,2,1,1,1,17,True,TIER2_F0,True,False,0.36652650218456984,23.646505849435925,OBSERVED,46.57496240735054,,75.94414256699383
seed1,29,1073,SAFE,SAFE_WEIGHTED_RANGE,0.007858455882352941,0.008251378676470588,2,0,0,0,10,True,TIER2_F0,True,False,2.414664621464908,65.07735750824213,OBSERVED,86.93096487876028,,163.61186491977423
seed1,30,1075,SAFE,SAFE_GATE_ELIMINATION,0.0019339767156862746,0.0020306755514705884,2,3,1,2,4,False,TIER1_GATE_ELIMINATION,True,False,0.2537760231643915,2.899184938520193,NOT_INVOKED,,,7.557115977630019
seed1,31,1076,SAFE,SAFE_WEIGHTED_RANGE,0.007720588235294118,0.008106617647058825,2,1,0,1,25,True,TIER2_F0,True,False,0.3427605601027608,25.28210909292102,OBSERVED,71.0010353056714,,100.93465359788388
seed1,32,1077,SAFE,SAFE_GATE_ELIMINATION,0.0004451976102941177,0.0004674574908088236,2,4,0,0,0,False,TIER1_GATE_ELIMINATION,True,False,0.4225660692900419,2.486972882412374,NOT_INVOKED,,,7.1764165395870805
seed1,33,1078,UNKNOWN,NO_ROUTE_BOUNDARY_WITHIN_SEARCH,,,,0,0,0,,False,BOUNDARY_NOT_APPLICABLE_WITHIN_CAP,False,False,,,NOT_INVOKED,,,4.15943280979991
seed1,34,1079,UNKNOWN,NO_ROUTE_BOUNDARY_WITHIN_SEARCH,,,,0,0,0,,False,BOUNDARY_NOT_APPLICABLE_WITHIN_CAP,False,False,,,NOT_INVOKED,,,3.990671306848526
seed1,35,1081,UNSAFE,UNSAFE_FULL_FORWARD_FALLBACK,0.008409926470588237,0.00883042279411765,2,0,0,0,31,True,TIER2_F0,False,True,0.4189870459958911,106.48280566651374,OBSERVED,19.333552736788988,,131.33393397089094
seed1,36,1085,SAFE,SAFE_WEIGHTED_RANGE,0.003167126225490196,0.003325482536764706,2,2,0,0,4,True,TIER2_F0,True,False,0.5689437752589583,6.571462731808424,OBSERVED,20.465177428908646,,32.023230135440826
seed1,37,1089,UNKNOWN,UNKNOWN_WEIGHTED_SOLVER_LIMIT,0.005752144607843138,0.006039751838235295,2,1,0,1,20,True,TIER2_F0,False,False,0.4137644078582525,62.09051928669214,OBSERVED,104.46758733317256,,172.53131283260882
seed1,38,1091,UNKNOWN,NO_ROUTE_BOUNDARY_WITHIN_SEARCH,,,,0,0,0,,False,BOUNDARY_NOT_APPLICABLE_WITHIN_CAP,False,False,,,NOT_INVOKED,,,3.9928046241402626
seed1,39,1092,UNKNOWN,NO_ROUTE_BOUNDARY_WITHIN_SEARCH,,,,0,0,0,,False,BOUNDARY_NOT_APPLICABLE_WITHIN_CAP,False,False,,,NOT_INVOKED,,,3.9980070339515805
seed2,0,1000,UNKNOWN,NO_ROUTE_BOUNDARY_WITHIN_SEARCH,,,,0,0,0,,False,BOUNDARY_NOT_APPLICABLE_WITHIN_CAP,False,False,,,NOT_INVOKED,,,3.728122089058161
seed2,1,1002,UNKNOWN,UNKNOWN_WEIGHTED_SOLVER_LIMIT,0.008348651960784315,0.008766084558823531,2,0,0,0,29,True,TIER2_F0,False,False,0.37419173680245876,74.06528590619564,OBSERVED,105.04457416012883,,184.4834528118372
seed2,2,1003,UNSAFE,UNSAFE_FULL_FORWARD_FALLBACK,0.009819240196078431,0.010310202205882354,2,0,0,0,17,True,TIER2_F0,False,True,0.3817233117297292,60.52485012356192,OBSERVED,17.133426314219832,,83.14420292153955
seed2,3,1004,UNKNOWN,UNKNOWN_WEIGHTED_SOLVER_LIMIT,0.013526348039215687,0.014202665441176472,2,0,0,0,10,True,TIER2_F0,False,False,0.5193916894495487,131.3064548810944,OBSERVED,148.4135170094669,,285.53504698351026
seed2,4,1005,TIMEOUT,INSTANCE_HARD_DEADLINE,,,,0,0,0,,True,TIER2_F0,False,False,,,RIGHT_CENSORED_AT_INSTANCE_DEADLINE,,0.0,300.33583050314337
seed2,5,1006,UNSAFE,UNSAFE_FULL_FORWARD_FALLBACK,0.010631127450980393,0.011162683823529413,2,0,0,0,33,True,TIER2_F0,False,True,0.2609464153647423,130.0631497260183,OBSERVED,28.626892066560686,,162.87033291347325
seed2,6,1007,UNKNOWN,NO_ROUTE_BOUNDARY_WITHIN_SEARCH,,,,0,0,0,,False,BOUNDARY_NOT_APPLICABLE_WITHIN_CAP,False,False,,,NOT_INVOKED,,,6.008530071005225
seed2,7,1010,UNKNOWN,NO_ROUTE_BOUNDARY_WITHIN_SEARCH,,,,0,0,0,,False,BOUNDARY_NOT_APPLICABLE_WITHIN_CAP,False,False,,,NOT_INVOKED,,,6.547090402804315
seed2,8,1011,UNKNOWN,UNKNOWN_WEIGHTED_SOLVER_LIMIT,0.01220894607843137,0.01281939338235294,2,0,0,0,30,True,TIER2_F0,False,False,0.2613824810832739,129.26245857495815,OBSERVED,153.3203216632828,,286.59910978842527
seed2,9,1012,SAFE,SAFE_WEIGHTED_RANGE,0.004924938725490196,0.0051711856617647056,2,1,1,1,8,True,TIER2_F0,True,False,0.40675538405776024,11.358092694543302,OBSERVED,39.218117881566286,,59.360806960612535
seed2,10,1013,UNKNOWN,NO_ROUTE_BOUNDARY_WITHIN_SEARCH,,,,0,0,0,,False,BOUNDARY_NOT_APPLICABLE_WITHIN_CAP,False,False,,,NOT_INVOKED,,,2.8001877330243587
seed2,11,1016,UNSAFE,UNSAFE_FULL_FORWARD,0.005353860294117647,0.00562155330882353,2,1,1,1,13,False,TIER1_OR_PRE_F0,False,True,0.34314736630767584,117.77663726173341,NOT_INVOKED,,,121.59517684951425
seed2,12,1022,UNKNOWN,NO_ROUTE_BOUNDARY_WITHIN_SEARCH,,,,0,0,0,,False,BOUNDARY_NOT_APPLICABLE_WITHIN_CAP,False,False,,,NOT_INVOKED,,,3.0260058725252748
seed2,13,1023,UNKNOWN,NO_ROUTE_BOUNDARY_WITHIN_SEARCH,,,,0,0,0,,False,BOUNDARY_NOT_APPLICABLE_WITHIN_CAP,False,False,,,NOT_INVOKED,,,2.932857235893607
seed2,14,1025,SAFE,SAFE_WEIGHTED_RANGE,0.00044328278186274504,0.0004654469209558823,2,4,4,4,1,True,TIER2_F0,True,False,0.2483486058190465,1.9717254796996713,OBSERVED,4.0955352159217,,9.67940687481314
seed2,15,1029,UNKNOWN,UNKNOWN_WEIGHTED_SOLVER_LIMIT,0.009068627450980391,0.009522058823529411,2,0,0,0,19,True,TIER2_F0,False,False,0.6302033355459571,97.58413863554597,OBSERVED,131.05375557392836,,235.1644788896665
seed2,16,1033,UNSAFE,UNSAFE_FULL_FORWARD_FALLBACK,0.004756433823529412,0.004994255514705883,2,1,1,1,13,True,TIER2_F0,False,True,0.3724373746663332,68.65494049806148,OBSERVED,69.89647238329053,,143.0289439605549
seed2,17,1035,UNKNOWN,UNKNOWN_WEIGHTED_SOLVER_LIMIT,0.004013480392156862,0.004214154411764706,2,1,1,1,18,True,TIER2_F0,False,False,0.4112182352691889,100.75292729958892,OBSERVED,119.59794151689857,,230.68547926098108
seed2,18,1037,SAFE,SAFE_WEIGHTED_RANGE,0.006372549019607843,0.006691176470588235,2,1,1,1,18,True,TIER2_F0,True,False,0.2620641738176346,11.990349794737995,OBSERVED,51.62796671781689,,67.42198878154159
seed2,19,1038,UNKNOWN,UNKNOWN_WEIGHTED_SOLVER_LIMIT,0.00743719362745098,0.007809053308823529,2,1,1,1,20,True,TIER2_F0,False,False,0.8605378204956651,76.51585981063545,OBSERVED,103.99067395925522,,190.81530012283474
seed2,20,1044,UNKNOWN,NO_ROUTE_BOUNDARY_WITHIN_SEARCH,,,,0,0,0,,False,BOUNDARY_NOT_APPLICABLE_WITHIN_CAP,False,False,,,NOT_INVOKED,,,2.744800408370793
seed2,21,1046,UNSAFE,UNSAFE_FULL_FORWARD_FALLBACK,0.003059895833333333,0.0032128906249999996,3,2,0,2,13,True,TIER2_F0,False,True,0.27642333693802357,48.41971196979284,OBSERVED,3.1770340465009212,,55.14502060506493
seed2,22,1048,TIMEOUT,TIMEOUT_EXPERT_SOLVE,0.01364889705882353,0.014331341911764706,2,0,0,0,53,False,TIER1_OR_PRE_F0,False,False,0.2514077387750149,134.71238821931183,NOT_INVOKED,,,138.65031907428056
seed2,23,1054,SAFE,SAFE_WEIGHTED_RANGE,0.0037951899509803917,0.003984949448529411,2,2,2,2,2,True,TIER2_F0,True,False,0.40748349111527205,9.24366779346019,OBSERVED,14.39455711003393,,33.12831179331988
seed2,24,1057,UNSAFE,UNSAFE_FULL_FORWARD,0.014613970588235294,0.015344669117647059,2,0,0,0,60,False,TIER1_OR_PRE_F0,False,True,0.32406164053827524,140.2595663703978,NOT_INVOKED,,,144.0467688869685
seed2,25,1060,UNKNOWN,UNKNOWN_WEIGHTED_SOLVER_LIMIT,0.0050398284313725485,0.005291819852941176,2,1,1,1,17,True,TIER2_F0,False,False,0.2598596476018429,23.127725788392127,OBSERVED,108.75481792446226,,135.89653984550387
seed2,26,1061,UNKNOWN,NO_ROUTE_BOUNDARY_WITHIN_SEARCH,,,,0,0,0,,False,BOUNDARY_NOT_APPLICABLE_WITHIN_CAP,False,False,,,NOT_INVOKED,,,5.56973928026855
seed2,27,1067,SAFE,SAFE_WEIGHTED_RANGE,0.0013116574754901962,0.001377240349264706,2,3,1,2,4,True,TIER2_F0,True,False,0.2656225021928549,2.599191782064736,OBSERVED,3.6230176091194153,,11.667578339576721
seed2,28,1070,UNKNOWN,UNKNOWN_WEIGHTED_SOLVER_LIMIT,0.00902267156862745,0.009473805147058824,2,0,0,0,41,True,TIER2_F0,False,False,0.24914389848709106,128.47715245001018,OBSERVED,135.02346280403435,,267.46877464465797
seed2,29,1073,UNKNOWN,UNKNOWN_WEIGHTED_SOLVER_LIMIT,0.014200367647058822,0.014910386029411764,3,0,0,0,51,True,TIER2_F0,False,False,0.24364670738577843,118.89942836202681,OBSERVED,149.4997939011082,,272.008382121101
seed2,30,1075,UNKNOWN,NO_ROUTE_BOUNDARY_WITHIN_SEARCH,,,,0,0,0,,False,BOUNDARY_NOT_APPLICABLE_WITHIN_CAP,False,False,,,NOT_INVOKED,,,3.0450764279812574
seed2,31,1076,UNKNOWN,NO_ROUTE_BOUNDARY_WITHIN_SEARCH,,,,0,0,0,,False,BOUNDARY_NOT_APPLICABLE_WITHIN_CAP,False,False,,,NOT_INVOKED,,,3.006835966371
seed2,32,1077,UNKNOWN,NO_ROUTE_BOUNDARY_WITHIN_SEARCH,,,,0,0,0,,False,BOUNDARY_NOT_APPLICABLE_WITHIN_CAP,False,False,,,NOT_INVOKED,,,3.0399310272186995
seed2,33,1078,UNKNOWN,NO_ROUTE_BOUNDARY_WITHIN_SEARCH,,,,0,0,0,,False,BOUNDARY_NOT_APPLICABLE_WITHIN_CAP,False,False,,,NOT_INVOKED,,,2.9975500786677003
seed2,34,1079,UNKNOWN,NO_ROUTE_BOUNDARY_WITHIN_SEARCH,,,,0,0,0,,False,BOUNDARY_NOT_APPLICABLE_WITHIN_CAP,False,False,,,NOT_INVOKED,,,2.915123579092324
seed2,35,1081,UNKNOWN,NO_ROUTE_BOUNDARY_WITHIN_SEARCH,,,,0,0,0,,False,BOUNDARY_NOT_APPLICABLE_WITHIN_CAP,False,False,,,NOT_INVOKED,,,2.884754161350429
seed2,36,1085,UNKNOWN,UNKNOWN_WEIGHTED_SOLVER_LIMIT,0.011458333333333334,0.012031250000000002,2,0,0,0,27,True,TIER2_F0,False,False,0.4217765498906374,102.77790200058371,OBSERVED,146.4384813271463,,253.77759485226125
seed2,37,1089,TIMEOUT,INSTANCE_HARD_DEADLINE,,,,0,0,0,,True,TIER2_F0,False,False,,,RIGHT_CENSORED_AT_INSTANCE_DEADLINE,,0.0,300.33655183855444
seed2,38,1091,SAFE,SAFE_WEIGHTED_RANGE,0.010079656862745097,0.010583639705882351,2,0,0,0,12,True,TIER2_F0,True,False,0.2579099889844656,9.7738972986117,OBSERVED,46.55952490866184,,60.06939116399735
seed2,39,1092,UNSAFE,UNSAFE_FULL_FORWARD,0.01099877450980392,0.011548713235294118,2,0,0,0,32,False,TIER1_OR_PRE_F0,False,True,0.558646259829402,151.19227088149637,NOT_INVOKED,,,156.0418373104185
