source,iid,verdict,internal_status,reportable_status,count_bucket,wall_s,watchdog_status,watchdog_synthetic,strict_bounded_failure,run_status,peak_rss_mb,onnx_model,vnnlib_spec,q_statuses,q_reportables,q_receipts,error,json_path
cpu_smoke,0,UNKNOWN_RESOURCE_LIMIT,UNKNOWN,UNKNOWN,,6.705,UNKNOWN_RESOURCE_LIMIT,True,True,FAILED,4789.29296875,onnx/model.onnx,vnnlib/model_0.vnnlib,[],[],[],"watchdog killed instance after 6.7s (status=UNKNOWN_RESOURCE_LIMIT, peak_rss=4789.3 MiB)",/data1/Kane/ACT/audit_results/r93_rerun_20260525T083118Z/overnight_cpu_round2_20260525T225241Z/soundnessbench/per_instance_soundnessbench_watchdog_iid0_20260526T010236559571Z.json
cpu_smoke,1,UNKNOWN_RESOURCE_LIMIT,UNKNOWN,UNKNOWN,,6.805,UNKNOWN_RESOURCE_LIMIT,True,True,FAILED,4909.98828125,onnx/model.onnx,vnnlib/model_1.vnnlib,[],[],[],"watchdog killed instance after 6.8s (status=UNKNOWN_RESOURCE_LIMIT, peak_rss=4910.0 MiB)",/data1/Kane/ACT/audit_results/r93_rerun_20260525T083118Z/overnight_cpu_round2_20260525T225241Z/soundnessbench/per_instance_soundnessbench_watchdog_iid1_20260526T010243365771Z.json
cpu_smoke,2,UNKNOWN_RESOURCE_LIMIT,UNKNOWN,UNKNOWN,,6.705,UNKNOWN_RESOURCE_LIMIT,True,True,FAILED,5196.71875,onnx/model.onnx,vnnlib/model_2.vnnlib,[],[],[],"watchdog killed instance after 6.7s (status=UNKNOWN_RESOURCE_LIMIT, peak_rss=5196.7 MiB)",/data1/Kane/ACT/audit_results/r93_rerun_20260525T083118Z/overnight_cpu_round2_20260525T225241Z/soundnessbench/per_instance_soundnessbench_watchdog_iid2_20260526T010250070907Z.json
cpu_smoke,3,UNKNOWN_RESOURCE_LIMIT,UNKNOWN,UNKNOWN,,6.804,UNKNOWN_RESOURCE_LIMIT,True,True,FAILED,5194.36328125,onnx/model.onnx,vnnlib/model_3.vnnlib,[],[],[],"watchdog killed instance after 6.8s (status=UNKNOWN_RESOURCE_LIMIT, peak_rss=5194.4 MiB)",/data1/Kane/ACT/audit_results/r93_rerun_20260525T083118Z/overnight_cpu_round2_20260525T225241Z/soundnessbench/per_instance_soundnessbench_watchdog_iid3_20260526T010256875491Z.json
cpu_smoke,4,UNKNOWN_RESOURCE_LIMIT,UNKNOWN,UNKNOWN,,6.204,UNKNOWN_RESOURCE_LIMIT,True,True,FAILED,4167.24609375,onnx/model.onnx,vnnlib/model_4.vnnlib,[],[],[],"watchdog killed instance after 6.2s (status=UNKNOWN_RESOURCE_LIMIT, peak_rss=4167.2 MiB)",/data1/Kane/ACT/audit_results/r93_rerun_20260525T083118Z/overnight_cpu_round2_20260525T225241Z/soundnessbench/per_instance_soundnessbench_watchdog_iid4_20260526T010303080469Z.json
cpu_smoke,5,UNKNOWN_RESOURCE_LIMIT,UNKNOWN,UNKNOWN,,6.805,UNKNOWN_RESOURCE_LIMIT,True,True,FAILED,5495.5234375,onnx/model.onnx,vnnlib/model_5.vnnlib,[],[],[],"watchdog killed instance after 6.8s (status=UNKNOWN_RESOURCE_LIMIT, peak_rss=5495.5 MiB)",/data1/Kane/ACT/audit_results/r93_rerun_20260525T083118Z/overnight_cpu_round2_20260525T225241Z/soundnessbench/per_instance_soundnessbench_watchdog_iid5_20260526T010309885959Z.json
cpu_smoke,6,UNKNOWN_RESOURCE_LIMIT,UNKNOWN,UNKNOWN,,6.805,UNKNOWN_RESOURCE_LIMIT,True,True,FAILED,5502.1640625,onnx/model.onnx,vnnlib/model_6.vnnlib,[],[],[],"watchdog killed instance after 6.8s (status=UNKNOWN_RESOURCE_LIMIT, peak_rss=5502.2 MiB)",/data1/Kane/ACT/audit_results/r93_rerun_20260525T083118Z/overnight_cpu_round2_20260525T225241Z/soundnessbench/per_instance_soundnessbench_watchdog_iid6_20260526T010316691248Z.json
cpu_smoke,7,UNKNOWN_RESOURCE_LIMIT,UNKNOWN,UNKNOWN,,6.805,UNKNOWN_RESOURCE_LIMIT,True,True,FAILED,5541.55078125,onnx/model.onnx,vnnlib/model_7.vnnlib,[],[],[],"watchdog killed instance after 6.8s (status=UNKNOWN_RESOURCE_LIMIT, peak_rss=5541.6 MiB)",/data1/Kane/ACT/audit_results/r93_rerun_20260525T083118Z/overnight_cpu_round2_20260525T225241Z/soundnessbench/per_instance_soundnessbench_watchdog_iid7_20260526T010323497417Z.json
cpu_smoke,8,UNKNOWN_RESOURCE_LIMIT,UNKNOWN,UNKNOWN,,6.805,UNKNOWN_RESOURCE_LIMIT,True,True,FAILED,5188.6484375,onnx/model.onnx,vnnlib/model_8.vnnlib,[],[],[],"watchdog killed instance after 6.8s (status=UNKNOWN_RESOURCE_LIMIT, peak_rss=5188.6 MiB)",/data1/Kane/ACT/audit_results/r93_rerun_20260525T083118Z/overnight_cpu_round2_20260525T225241Z/soundnessbench/per_instance_soundnessbench_watchdog_iid8_20260526T010330303032Z.json
cpu_smoke,9,UNKNOWN_RESOURCE_LIMIT,UNKNOWN,UNKNOWN,,6.706,UNKNOWN_RESOURCE_LIMIT,True,True,FAILED,5141.4375,onnx/model.onnx,vnnlib/model_9.vnnlib,[],[],[],"watchdog killed instance after 6.7s (status=UNKNOWN_RESOURCE_LIMIT, peak_rss=5141.4 MiB)",/data1/Kane/ACT/audit_results/r93_rerun_20260525T083118Z/overnight_cpu_round2_20260525T225241Z/soundnessbench/per_instance_soundnessbench_watchdog_iid9_20260526T010337009306Z.json
full_r3,10,UNKNOWN_RESOURCE_LIMIT,UNKNOWN,UNKNOWN,,9.907,UNKNOWN_RESOURCE_LIMIT,True,True,FAILED,8317.35546875,onnx/model.onnx,vnnlib/model_10.vnnlib,[],[],[],"watchdog killed instance after 9.9s (status=UNKNOWN_RESOURCE_LIMIT, peak_rss=8317.4 MiB)",/data1/Kane/ACT/audit_results/r93_rerun_20260525T083118Z/overnight_cpu_full_stream1_20260526T025908Z/soundnessbench/per_instance_soundnessbench_watchdog_iid10_20260526T051704880085Z.json
full_r3,11,UNKNOWN_RESOURCE_LIMIT,UNKNOWN,UNKNOWN,,9.907,UNKNOWN_RESOURCE_LIMIT,True,True,FAILED,8517.85546875,onnx/model.onnx,vnnlib/model_11.vnnlib,[],[],[],"watchdog killed instance after 9.9s (status=UNKNOWN_RESOURCE_LIMIT, peak_rss=8517.9 MiB)",/data1/Kane/ACT/audit_results/r93_rerun_20260525T083118Z/overnight_cpu_full_stream1_20260526T025908Z/soundnessbench/per_instance_soundnessbench_watchdog_iid11_20260526T051714787957Z.json
full_r3,12,UNKNOWN_RESOURCE_LIMIT,UNKNOWN,UNKNOWN,,10.306,UNKNOWN_RESOURCE_LIMIT,True,True,FAILED,8458.2890625,onnx/model.onnx,vnnlib/model_12.vnnlib,[],[],[],"watchdog killed instance after 10.3s (status=UNKNOWN_RESOURCE_LIMIT, peak_rss=8458.3 MiB)",/data1/Kane/ACT/audit_results/r93_rerun_20260525T083118Z/overnight_cpu_full_stream1_20260526T025908Z/soundnessbench/per_instance_soundnessbench_watchdog_iid12_20260526T051725094487Z.json
full_r3,13,UNKNOWN,UNKNOWN,UNKNOWN,UNKNOWN,3.526,,False,,PASSED,,onnx/model.onnx,vnnlib/model_13.vnnlib,"[""UNKNOWN""]","[""UNKNOWN""]",[null],,/data1/Kane/ACT/audit_results/r93_rerun_20260525T083118Z/overnight_cpu_full_stream1_20260526T025908Z/soundnessbench/per_instance_soundnessbench_20260526T051730732799Z.json
full_r3,14,UNKNOWN,UNKNOWN,UNKNOWN,UNKNOWN,4.186,,False,,PASSED,,onnx/model.onnx,vnnlib/model_14.vnnlib,"[""UNKNOWN""]","[""UNKNOWN""]",[null],,/data1/Kane/ACT/audit_results/r93_rerun_20260525T083118Z/overnight_cpu_full_stream1_20260526T025908Z/soundnessbench/per_instance_soundnessbench_20260526T051737878272Z.json
full_r3,15,UNKNOWN_RESOURCE_LIMIT,UNKNOWN,UNKNOWN,,13.308,UNKNOWN_RESOURCE_LIMIT,True,True,FAILED,9310.0546875,onnx/model.onnx,vnnlib/model_15.vnnlib,[],[],[],"watchdog killed instance after 13.3s (status=UNKNOWN_RESOURCE_LIMIT, peak_rss=9310.1 MiB)",/data1/Kane/ACT/audit_results/r93_rerun_20260525T083118Z/overnight_cpu_full_stream1_20260526T025908Z/soundnessbench/per_instance_soundnessbench_watchdog_iid15_20260526T051751912161Z.json
full_r3,16,UNKNOWN,UNKNOWN,UNKNOWN,UNKNOWN,4.13,,False,,PASSED,,onnx/model.onnx,vnnlib/model_16.vnnlib,"[""UNKNOWN""]","[""UNKNOWN""]",[null],,/data1/Kane/ACT/audit_results/r93_rerun_20260525T083118Z/overnight_cpu_full_stream1_20260526T025908Z/soundnessbench/per_instance_soundnessbench_20260526T051758131351Z.json
full_r3,17,UNKNOWN_RESOURCE_LIMIT,UNKNOWN,UNKNOWN,,10.306,UNKNOWN_RESOURCE_LIMIT,True,True,FAILED,8590.34765625,onnx/model.onnx,vnnlib/model_17.vnnlib,[],[],[],"watchdog killed instance after 10.3s (status=UNKNOWN_RESOURCE_LIMIT, peak_rss=8590.3 MiB)",/data1/Kane/ACT/audit_results/r93_rerun_20260525T083118Z/overnight_cpu_full_stream1_20260526T025908Z/soundnessbench/per_instance_soundnessbench_watchdog_iid17_20260526T051809223151Z.json
full_r3,18,UNKNOWN_RESOURCE_LIMIT,UNKNOWN,UNKNOWN,,12.308,UNKNOWN_RESOURCE_LIMIT,True,True,FAILED,8249.921875,onnx/model.onnx,vnnlib/model_18.vnnlib,[],[],[],"watchdog killed instance after 12.3s (status=UNKNOWN_RESOURCE_LIMIT, peak_rss=8249.9 MiB)",/data1/Kane/ACT/audit_results/r93_rerun_20260525T083118Z/overnight_cpu_full_stream1_20260526T025908Z/soundnessbench/per_instance_soundnessbench_watchdog_iid18_20260526T051821532090Z.json
full_r3,19,UNKNOWN_RESOURCE_LIMIT,UNKNOWN,UNKNOWN,,10.807,UNKNOWN_RESOURCE_LIMIT,True,True,FAILED,8485.99609375,onnx/model.onnx,vnnlib/model_19.vnnlib,[],[],[],"watchdog killed instance after 10.8s (status=UNKNOWN_RESOURCE_LIMIT, peak_rss=8486.0 MiB)",/data1/Kane/ACT/audit_results/r93_rerun_20260525T083118Z/overnight_cpu_full_stream1_20260526T025908Z/soundnessbench/per_instance_soundnessbench_watchdog_iid19_20260526T051832339885Z.json
full_r3,20,UNKNOWN_RESOURCE_LIMIT,UNKNOWN,UNKNOWN,,10.807,UNKNOWN_RESOURCE_LIMIT,True,True,FAILED,8486.01953125,onnx/model.onnx,vnnlib/model_20.vnnlib,[],[],[],"watchdog killed instance after 10.8s (status=UNKNOWN_RESOURCE_LIMIT, peak_rss=8486.0 MiB)",/data1/Kane/ACT/audit_results/r93_rerun_20260525T083118Z/overnight_cpu_full_stream1_20260526T025908Z/soundnessbench/per_instance_soundnessbench_watchdog_iid20_20260526T051843147156Z.json
full_r3,21,UNKNOWN_RESOURCE_LIMIT,UNKNOWN,UNKNOWN,,11.307,UNKNOWN_RESOURCE_LIMIT,True,True,FAILED,8309.75,onnx/model.onnx,vnnlib/model_21.vnnlib,[],[],[],"watchdog killed instance after 11.3s (status=UNKNOWN_RESOURCE_LIMIT, peak_rss=8309.8 MiB)",/data1/Kane/ACT/audit_results/r93_rerun_20260525T083118Z/overnight_cpu_full_stream1_20260526T025908Z/soundnessbench/per_instance_soundnessbench_watchdog_iid21_20260526T051854454926Z.json
full_r3,22,UNKNOWN_RESOURCE_LIMIT,UNKNOWN,UNKNOWN,,10.306,UNKNOWN_RESOURCE_LIMIT,True,True,FAILED,8502.79296875,onnx/model.onnx,vnnlib/model_22.vnnlib,[],[],[],"watchdog killed instance after 10.3s (status=UNKNOWN_RESOURCE_LIMIT, peak_rss=8502.8 MiB)",/data1/Kane/ACT/audit_results/r93_rerun_20260525T083118Z/overnight_cpu_full_stream1_20260526T025908Z/soundnessbench/per_instance_soundnessbench_watchdog_iid22_20260526T051904761353Z.json
full_r3,23,UNKNOWN_RESOURCE_LIMIT,UNKNOWN,UNKNOWN,,10.307,UNKNOWN_RESOURCE_LIMIT,True,True,FAILED,8500.1640625,onnx/model.onnx,vnnlib/model_23.vnnlib,[],[],[],"watchdog killed instance after 10.3s (status=UNKNOWN_RESOURCE_LIMIT, peak_rss=8500.2 MiB)",/data1/Kane/ACT/audit_results/r93_rerun_20260525T083118Z/overnight_cpu_full_stream1_20260526T025908Z/soundnessbench/per_instance_soundnessbench_watchdog_iid23_20260526T051915068665Z.json
full_r3,24,UNKNOWN_RESOURCE_LIMIT,UNKNOWN,UNKNOWN,,10.206,UNKNOWN_RESOURCE_LIMIT,True,True,FAILED,8493.71875,onnx/model.onnx,vnnlib/model_24.vnnlib,[],[],[],"watchdog killed instance after 10.2s (status=UNKNOWN_RESOURCE_LIMIT, peak_rss=8493.7 MiB)",/data1/Kane/ACT/audit_results/r93_rerun_20260525T083118Z/overnight_cpu_full_stream1_20260526T025908Z/soundnessbench/per_instance_soundnessbench_watchdog_iid24_20260526T051925275021Z.json
full_r3,25,UNKNOWN_RESOURCE_LIMIT,UNKNOWN,UNKNOWN,,9.807,UNKNOWN_RESOURCE_LIMIT,True,True,FAILED,8230.3046875,onnx/model.onnx,vnnlib/model_25.vnnlib,[],[],[],"watchdog killed instance after 9.8s (status=UNKNOWN_RESOURCE_LIMIT, peak_rss=8230.3 MiB)",/data1/Kane/ACT/audit_results/r93_rerun_20260525T083118Z/overnight_cpu_full_stream1_20260526T025908Z/soundnessbench/per_instance_soundnessbench_watchdog_iid25_20260526T051935082098Z.json
full_r3,26,UNKNOWN_RESOURCE_LIMIT,UNKNOWN,UNKNOWN,,9.807,UNKNOWN_RESOURCE_LIMIT,True,True,FAILED,8312.03515625,onnx/model.onnx,vnnlib/model_26.vnnlib,[],[],[],"watchdog killed instance after 9.8s (status=UNKNOWN_RESOURCE_LIMIT, peak_rss=8312.0 MiB)",/data1/Kane/ACT/audit_results/r93_rerun_20260525T083118Z/overnight_cpu_full_stream1_20260526T025908Z/soundnessbench/per_instance_soundnessbench_watchdog_iid26_20260526T051944889634Z.json
full_r3,27,UNKNOWN_RESOURCE_LIMIT,UNKNOWN,UNKNOWN,,10.306,UNKNOWN_RESOURCE_LIMIT,True,True,FAILED,8403.20703125,onnx/model.onnx,vnnlib/model_27.vnnlib,[],[],[],"watchdog killed instance after 10.3s (status=UNKNOWN_RESOURCE_LIMIT, peak_rss=8403.2 MiB)",/data1/Kane/ACT/audit_results/r93_rerun_20260525T083118Z/overnight_cpu_full_stream1_20260526T025908Z/soundnessbench/per_instance_soundnessbench_watchdog_iid27_20260526T051955196411Z.json
full_r3,28,UNKNOWN_RESOURCE_LIMIT,UNKNOWN,UNKNOWN,,9.406,UNKNOWN_RESOURCE_LIMIT,True,True,FAILED,8441.92578125,onnx/model.onnx,vnnlib/model_28.vnnlib,[],[],[],"watchdog killed instance after 9.4s (status=UNKNOWN_RESOURCE_LIMIT, peak_rss=8441.9 MiB)",/data1/Kane/ACT/audit_results/r93_rerun_20260525T083118Z/overnight_cpu_full_stream1_20260526T025908Z/soundnessbench/per_instance_soundnessbench_watchdog_iid28_20260526T052004603177Z.json
full_r3,29,UNKNOWN_RESOURCE_LIMIT,UNKNOWN,UNKNOWN,,13.508,UNKNOWN_RESOURCE_LIMIT,True,True,FAILED,9099.00390625,onnx/model.onnx,vnnlib/model_29.vnnlib,[],[],[],"watchdog killed instance after 13.5s (status=UNKNOWN_RESOURCE_LIMIT, peak_rss=9099.0 MiB)",/data1/Kane/ACT/audit_results/r93_rerun_20260525T083118Z/overnight_cpu_full_stream1_20260526T025908Z/soundnessbench/per_instance_soundnessbench_watchdog_iid29_20260526T052018112284Z.json
full_r3,30,UNKNOWN_RESOURCE_LIMIT,UNKNOWN,UNKNOWN,,11.907,UNKNOWN_RESOURCE_LIMIT,True,True,FAILED,8611.23828125,onnx/model.onnx,vnnlib/model_30.vnnlib,[],[],[],"watchdog killed instance after 11.9s (status=UNKNOWN_RESOURCE_LIMIT, peak_rss=8611.2 MiB)",/data1/Kane/ACT/audit_results/r93_rerun_20260525T083118Z/overnight_cpu_full_stream1_20260526T025908Z/soundnessbench/per_instance_soundnessbench_watchdog_iid30_20260526T052030019872Z.json
full_r3,31,UNKNOWN_RESOURCE_LIMIT,UNKNOWN,UNKNOWN,,9.507,UNKNOWN_RESOURCE_LIMIT,True,True,FAILED,8587.703125,onnx/model.onnx,vnnlib/model_31.vnnlib,[],[],[],"watchdog killed instance after 9.5s (status=UNKNOWN_RESOURCE_LIMIT, peak_rss=8587.7 MiB)",/data1/Kane/ACT/audit_results/r93_rerun_20260525T083118Z/overnight_cpu_full_stream1_20260526T025908Z/soundnessbench/per_instance_soundnessbench_watchdog_iid31_20260526T052039527226Z.json
full_r3,32,UNKNOWN_RESOURCE_LIMIT,UNKNOWN,UNKNOWN,,9.406,UNKNOWN_RESOURCE_LIMIT,True,True,FAILED,8581.05859375,onnx/model.onnx,vnnlib/model_32.vnnlib,[],[],[],"watchdog killed instance after 9.4s (status=UNKNOWN_RESOURCE_LIMIT, peak_rss=8581.1 MiB)",/data1/Kane/ACT/audit_results/r93_rerun_20260525T083118Z/overnight_cpu_full_stream1_20260526T025908Z/soundnessbench/per_instance_soundnessbench_watchdog_iid32_20260526T052048934362Z.json
full_r3,33,UNKNOWN_RESOURCE_LIMIT,UNKNOWN,UNKNOWN,,9.906,UNKNOWN_RESOURCE_LIMIT,True,True,FAILED,8720.10546875,onnx/model.onnx,vnnlib/model_33.vnnlib,[],[],[],"watchdog killed instance after 9.9s (status=UNKNOWN_RESOURCE_LIMIT, peak_rss=8720.1 MiB)",/data1/Kane/ACT/audit_results/r93_rerun_20260525T083118Z/overnight_cpu_full_stream1_20260526T025908Z/soundnessbench/per_instance_soundnessbench_watchdog_iid33_20260526T052058841346Z.json
full_r3,34,UNKNOWN_RESOURCE_LIMIT,UNKNOWN,UNKNOWN,,9.807,UNKNOWN_RESOURCE_LIMIT,True,True,FAILED,8203.98046875,onnx/model.onnx,vnnlib/model_34.vnnlib,[],[],[],"watchdog killed instance after 9.8s (status=UNKNOWN_RESOURCE_LIMIT, peak_rss=8204.0 MiB)",/data1/Kane/ACT/audit_results/r93_rerun_20260525T083118Z/overnight_cpu_full_stream1_20260526T025908Z/soundnessbench/per_instance_soundnessbench_watchdog_iid34_20260526T052108648710Z.json
full_r3,35,UNKNOWN_RESOURCE_LIMIT,UNKNOWN,UNKNOWN,,9.907,UNKNOWN_RESOURCE_LIMIT,True,True,FAILED,8589.796875,onnx/model.onnx,vnnlib/model_35.vnnlib,[],[],[],"watchdog killed instance after 9.9s (status=UNKNOWN_RESOURCE_LIMIT, peak_rss=8589.8 MiB)",/data1/Kane/ACT/audit_results/r93_rerun_20260525T083118Z/overnight_cpu_full_stream1_20260526T025908Z/soundnessbench/per_instance_soundnessbench_watchdog_iid35_20260526T052118557404Z.json
full_r3,36,UNKNOWN_RESOURCE_LIMIT,UNKNOWN,UNKNOWN,,9.407,UNKNOWN_RESOURCE_LIMIT,True,True,FAILED,8650.90234375,onnx/model.onnx,vnnlib/model_36.vnnlib,[],[],[],"watchdog killed instance after 9.4s (status=UNKNOWN_RESOURCE_LIMIT, peak_rss=8650.9 MiB)",/data1/Kane/ACT/audit_results/r93_rerun_20260525T083118Z/overnight_cpu_full_stream1_20260526T025908Z/soundnessbench/per_instance_soundnessbench_watchdog_iid36_20260526T052127965483Z.json
full_r3,37,UNKNOWN_RESOURCE_LIMIT,UNKNOWN,UNKNOWN,,9.807,UNKNOWN_RESOURCE_LIMIT,True,True,FAILED,8388.36328125,onnx/model.onnx,vnnlib/model_37.vnnlib,[],[],[],"watchdog killed instance after 9.8s (status=UNKNOWN_RESOURCE_LIMIT, peak_rss=8388.4 MiB)",/data1/Kane/ACT/audit_results/r93_rerun_20260525T083118Z/overnight_cpu_full_stream1_20260526T025908Z/soundnessbench/per_instance_soundnessbench_watchdog_iid37_20260526T052137772818Z.json
full_r3,38,UNKNOWN_RESOURCE_LIMIT,UNKNOWN,UNKNOWN,,8.906,UNKNOWN_RESOURCE_LIMIT,True,True,FAILED,8219.890625,onnx/model.onnx,vnnlib/model_38.vnnlib,[],[],[],"watchdog killed instance after 8.9s (status=UNKNOWN_RESOURCE_LIMIT, peak_rss=8219.9 MiB)",/data1/Kane/ACT/audit_results/r93_rerun_20260525T083118Z/overnight_cpu_full_stream1_20260526T025908Z/soundnessbench/per_instance_soundnessbench_watchdog_iid38_20260526T052146679229Z.json
full_r3,39,UNKNOWN_RESOURCE_LIMIT,UNKNOWN,UNKNOWN,,9.907,UNKNOWN_RESOURCE_LIMIT,True,True,FAILED,8620.6015625,onnx/model.onnx,vnnlib/model_39.vnnlib,[],[],[],"watchdog killed instance after 9.9s (status=UNKNOWN_RESOURCE_LIMIT, peak_rss=8620.6 MiB)",/data1/Kane/ACT/audit_results/r93_rerun_20260525T083118Z/overnight_cpu_full_stream1_20260526T025908Z/soundnessbench/per_instance_soundnessbench_watchdog_iid39_20260526T052156586831Z.json
full_r3,40,UNKNOWN_RESOURCE_LIMIT,UNKNOWN,UNKNOWN,,13.909,UNKNOWN_RESOURCE_LIMIT,True,True,FAILED,9290.36328125,onnx/model.onnx,vnnlib/model_40.vnnlib,[],[],[],"watchdog killed instance after 13.9s (status=UNKNOWN_RESOURCE_LIMIT, peak_rss=9290.4 MiB)",/data1/Kane/ACT/audit_results/r93_rerun_20260525T083118Z/overnight_cpu_full_stream1_20260526T025908Z/soundnessbench/per_instance_soundnessbench_watchdog_iid40_20260526T052210496406Z.json
full_r3,41,UNKNOWN_RESOURCE_LIMIT,UNKNOWN,UNKNOWN,,9.406,UNKNOWN_RESOURCE_LIMIT,True,True,FAILED,8698.41015625,onnx/model.onnx,vnnlib/model_41.vnnlib,[],[],[],"watchdog killed instance after 9.4s (status=UNKNOWN_RESOURCE_LIMIT, peak_rss=8698.4 MiB)",/data1/Kane/ACT/audit_results/r93_rerun_20260525T083118Z/overnight_cpu_full_stream1_20260526T025908Z/soundnessbench/per_instance_soundnessbench_watchdog_iid41_20260526T052219902826Z.json
full_r3,42,UNKNOWN_RESOURCE_LIMIT,UNKNOWN,UNKNOWN,,9.306,UNKNOWN_RESOURCE_LIMIT,True,True,FAILED,8286.4921875,onnx/model.onnx,vnnlib/model_42.vnnlib,[],[],[],"watchdog killed instance after 9.3s (status=UNKNOWN_RESOURCE_LIMIT, peak_rss=8286.5 MiB)",/data1/Kane/ACT/audit_results/r93_rerun_20260525T083118Z/overnight_cpu_full_stream1_20260526T025908Z/soundnessbench/per_instance_soundnessbench_watchdog_iid42_20260526T052229209735Z.json
full_r3,43,UNKNOWN_RESOURCE_LIMIT,UNKNOWN,UNKNOWN,,9.906,UNKNOWN_RESOURCE_LIMIT,True,True,FAILED,8511.01953125,onnx/model.onnx,vnnlib/model_43.vnnlib,[],[],[],"watchdog killed instance after 9.9s (status=UNKNOWN_RESOURCE_LIMIT, peak_rss=8511.0 MiB)",/data1/Kane/ACT/audit_results/r93_rerun_20260525T083118Z/overnight_cpu_full_stream1_20260526T025908Z/soundnessbench/per_instance_soundnessbench_watchdog_iid43_20260526T052239117050Z.json
full_r3,44,UNKNOWN_RESOURCE_LIMIT,UNKNOWN,UNKNOWN,,9.406,UNKNOWN_RESOURCE_LIMIT,True,True,FAILED,8422.4375,onnx/model.onnx,vnnlib/model_44.vnnlib,[],[],[],"watchdog killed instance after 9.4s (status=UNKNOWN_RESOURCE_LIMIT, peak_rss=8422.4 MiB)",/data1/Kane/ACT/audit_results/r93_rerun_20260525T083118Z/overnight_cpu_full_stream1_20260526T025908Z/soundnessbench/per_instance_soundnessbench_watchdog_iid44_20260526T052248524482Z.json
full_r3,45,UNKNOWN_RESOURCE_LIMIT,UNKNOWN,UNKNOWN,,13.008,UNKNOWN_RESOURCE_LIMIT,True,True,FAILED,8891.26171875,onnx/model.onnx,vnnlib/model_45.vnnlib,[],[],[],"watchdog killed instance after 13.0s (status=UNKNOWN_RESOURCE_LIMIT, peak_rss=8891.3 MiB)",/data1/Kane/ACT/audit_results/r93_rerun_20260525T083118Z/overnight_cpu_full_stream1_20260526T025908Z/soundnessbench/per_instance_soundnessbench_watchdog_iid45_20260526T052301533199Z.json
full_r3,46,UNKNOWN_RESOURCE_LIMIT,UNKNOWN,UNKNOWN,,9.306,UNKNOWN_RESOURCE_LIMIT,True,True,FAILED,8251.90234375,onnx/model.onnx,vnnlib/model_46.vnnlib,[],[],[],"watchdog killed instance after 9.3s (status=UNKNOWN_RESOURCE_LIMIT, peak_rss=8251.9 MiB)",/data1/Kane/ACT/audit_results/r93_rerun_20260525T083118Z/overnight_cpu_full_stream1_20260526T025908Z/soundnessbench/per_instance_soundnessbench_watchdog_iid46_20260526T052310840371Z.json
full_r3,47,UNKNOWN_RESOURCE_LIMIT,UNKNOWN,UNKNOWN,,9.406,UNKNOWN_RESOURCE_LIMIT,True,True,FAILED,8473.15234375,onnx/model.onnx,vnnlib/model_47.vnnlib,[],[],[],"watchdog killed instance after 9.4s (status=UNKNOWN_RESOURCE_LIMIT, peak_rss=8473.2 MiB)",/data1/Kane/ACT/audit_results/r93_rerun_20260525T083118Z/overnight_cpu_full_stream1_20260526T025908Z/soundnessbench/per_instance_soundnessbench_watchdog_iid47_20260526T052320247381Z.json
full_r3,48,UNKNOWN_RESOURCE_LIMIT,UNKNOWN,UNKNOWN,,9.907,UNKNOWN_RESOURCE_LIMIT,True,True,FAILED,8301.09765625,onnx/model.onnx,vnnlib/model_48.vnnlib,[],[],[],"watchdog killed instance after 9.9s (status=UNKNOWN_RESOURCE_LIMIT, peak_rss=8301.1 MiB)",/data1/Kane/ACT/audit_results/r93_rerun_20260525T083118Z/overnight_cpu_full_stream1_20260526T025908Z/soundnessbench/per_instance_soundnessbench_watchdog_iid48_20260526T052330154673Z.json
full_r3,49,UNKNOWN_RESOURCE_LIMIT,UNKNOWN,UNKNOWN,,9.407,UNKNOWN_RESOURCE_LIMIT,True,True,FAILED,8315.3203125,onnx/model.onnx,vnnlib/model_49.vnnlib,[],[],[],"watchdog killed instance after 9.4s (status=UNKNOWN_RESOURCE_LIMIT, peak_rss=8315.3 MiB)",/data1/Kane/ACT/audit_results/r93_rerun_20260525T083118Z/overnight_cpu_full_stream1_20260526T025908Z/soundnessbench/per_instance_soundnessbench_watchdog_iid49_20260526T052339562537Z.json
gpu_full,0,UNKNOWN,UNKNOWN,UNKNOWN,UNKNOWN,7.179,,False,,PASSED,,onnx/model.onnx,vnnlib/model_0.vnnlib,"[""UNKNOWN""]","[""UNKNOWN""]",[null],,/data1/Kane/ACT/audit_results/r93_rerun_20260525T083118Z/gpu_stream1_20260526T132419Z/soundnessbench/per_instance_soundnessbench_20260526T142757251120Z.json
gpu_full,1,UNKNOWN,UNKNOWN,UNKNOWN,UNKNOWN,5.752,,False,,PASSED,,onnx/model.onnx,vnnlib/model_1.vnnlib,"[""UNKNOWN""]","[""UNKNOWN""]",[null],,/data1/Kane/ACT/audit_results/r93_rerun_20260525T083118Z/gpu_stream1_20260526T132419Z/soundnessbench/per_instance_soundnessbench_20260526T142808816308Z.json
gpu_full,10,UNKNOWN,UNKNOWN,UNKNOWN,UNKNOWN,5.332,,False,,PASSED,,onnx/model.onnx,vnnlib/model_10.vnnlib,"[""UNKNOWN""]","[""UNKNOWN""]",[null],,/data1/Kane/ACT/audit_results/r93_rerun_20260525T083118Z/gpu_stream1_20260526T132419Z/soundnessbench/per_instance_soundnessbench_20260526T142957089683Z.json
gpu_full,11,UNKNOWN,UNKNOWN,UNKNOWN,UNKNOWN,5.117,,False,,PASSED,,onnx/model.onnx,vnnlib/model_11.vnnlib,"[""UNKNOWN""]","[""UNKNOWN""]",[null],,/data1/Kane/ACT/audit_results/r93_rerun_20260525T083118Z/gpu_stream1_20260526T132419Z/soundnessbench/per_instance_soundnessbench_20260526T143007413639Z.json
gpu_full,12,UNKNOWN,UNKNOWN,UNKNOWN,UNKNOWN,5.459,,False,,PASSED,,onnx/model.onnx,vnnlib/model_12.vnnlib,"[""UNKNOWN""]","[""UNKNOWN""]",[null],,/data1/Kane/ACT/audit_results/r93_rerun_20260525T083118Z/gpu_stream1_20260526T132419Z/soundnessbench/per_instance_soundnessbench_20260526T143017979210Z.json
gpu_full,13,UNKNOWN,UNKNOWN,UNKNOWN,UNKNOWN,5.082,,False,,PASSED,,onnx/model.onnx,vnnlib/model_13.vnnlib,"[""UNKNOWN""]","[""UNKNOWN""]",[null],,/data1/Kane/ACT/audit_results/r93_rerun_20260525T083118Z/gpu_stream1_20260526T132419Z/soundnessbench/per_instance_soundnessbench_20260526T143028376907Z.json
gpu_full,14,UNKNOWN,UNKNOWN,UNKNOWN,UNKNOWN,4.75,,False,,PASSED,,onnx/model.onnx,vnnlib/model_14.vnnlib,"[""UNKNOWN""]","[""UNKNOWN""]",[null],,/data1/Kane/ACT/audit_results/r93_rerun_20260525T083118Z/gpu_stream1_20260526T132419Z/soundnessbench/per_instance_soundnessbench_20260526T143037497243Z.json
gpu_full,15,UNKNOWN,UNKNOWN,UNKNOWN,UNKNOWN,5.143,,False,,PASSED,,onnx/model.onnx,vnnlib/model_15.vnnlib,"[""UNKNOWN""]","[""UNKNOWN""]",[null],,/data1/Kane/ACT/audit_results/r93_rerun_20260525T083118Z/gpu_stream1_20260526T132419Z/soundnessbench/per_instance_soundnessbench_20260526T143047023319Z.json
gpu_full,16,UNKNOWN,UNKNOWN,UNKNOWN,UNKNOWN,4.712,,False,,PASSED,,onnx/model.onnx,vnnlib/model_16.vnnlib,"[""UNKNOWN""]","[""UNKNOWN""]",[null],,/data1/Kane/ACT/audit_results/r93_rerun_20260525T083118Z/gpu_stream1_20260526T132419Z/soundnessbench/per_instance_soundnessbench_20260526T143055993257Z.json
gpu_full,17,UNKNOWN,UNKNOWN,UNKNOWN,UNKNOWN,5.129,,False,,PASSED,,onnx/model.onnx,vnnlib/model_17.vnnlib,"[""UNKNOWN""]","[""UNKNOWN""]",[null],,/data1/Kane/ACT/audit_results/r93_rerun_20260525T083118Z/gpu_stream1_20260526T132419Z/soundnessbench/per_instance_soundnessbench_20260526T143105885634Z.json
gpu_full,18,UNKNOWN,UNKNOWN,UNKNOWN,UNKNOWN,5.018,,False,,PASSED,,onnx/model.onnx,vnnlib/model_18.vnnlib,"[""UNKNOWN""]","[""UNKNOWN""]",[null],,/data1/Kane/ACT/audit_results/r93_rerun_20260525T083118Z/gpu_stream1_20260526T132419Z/soundnessbench/per_instance_soundnessbench_20260526T143115295381Z.json
gpu_full,19,UNKNOWN,UNKNOWN,UNKNOWN,UNKNOWN,4.641,,False,,PASSED,,onnx/model.onnx,vnnlib/model_19.vnnlib,"[""UNKNOWN""]","[""UNKNOWN""]",[null],,/data1/Kane/ACT/audit_results/r93_rerun_20260525T083118Z/gpu_stream1_20260526T132419Z/soundnessbench/per_instance_soundnessbench_20260526T143124353527Z.json
gpu_full,2,UNKNOWN,UNKNOWN,UNKNOWN,UNKNOWN,5.511,,False,,PASSED,,onnx/model.onnx,vnnlib/model_2.vnnlib,"[""UNKNOWN""]","[""UNKNOWN""]",[null],,/data1/Kane/ACT/audit_results/r93_rerun_20260525T083118Z/gpu_stream1_20260526T132419Z/soundnessbench/per_instance_soundnessbench_20260526T142820226359Z.json
gpu_full,20,UNKNOWN,UNKNOWN,UNKNOWN,UNKNOWN,4.745,,False,,PASSED,,onnx/model.onnx,vnnlib/model_20.vnnlib,"[""UNKNOWN""]","[""UNKNOWN""]",[null],,/data1/Kane/ACT/audit_results/r93_rerun_20260525T083118Z/gpu_stream1_20260526T132419Z/soundnessbench/per_instance_soundnessbench_20260526T143133922175Z.json
gpu_full,21,UNKNOWN,UNKNOWN,UNKNOWN,UNKNOWN,4.441,,False,,PASSED,,onnx/model.onnx,vnnlib/model_21.vnnlib,"[""UNKNOWN""]","[""UNKNOWN""]",[null],,/data1/Kane/ACT/audit_results/r93_rerun_20260525T083118Z/gpu_stream1_20260526T132419Z/soundnessbench/per_instance_soundnessbench_20260526T143142491087Z.json
gpu_full,22,UNKNOWN,UNKNOWN,UNKNOWN,UNKNOWN,4.395,,False,,PASSED,,onnx/model.onnx,vnnlib/model_22.vnnlib,"[""UNKNOWN""]","[""UNKNOWN""]",[null],,/data1/Kane/ACT/audit_results/r93_rerun_20260525T083118Z/gpu_stream1_20260526T132419Z/soundnessbench/per_instance_soundnessbench_20260526T143150994680Z.json
gpu_full,23,UNKNOWN,UNKNOWN,UNKNOWN,UNKNOWN,4.532,,False,,PASSED,,onnx/model.onnx,vnnlib/model_23.vnnlib,"[""UNKNOWN""]","[""UNKNOWN""]",[null],,/data1/Kane/ACT/audit_results/r93_rerun_20260525T083118Z/gpu_stream1_20260526T132419Z/soundnessbench/per_instance_soundnessbench_20260526T143159794328Z.json
gpu_full,24,UNKNOWN,UNKNOWN,UNKNOWN,UNKNOWN,3.969,,False,,PASSED,,onnx/model.onnx,vnnlib/model_24.vnnlib,"[""UNKNOWN""]","[""UNKNOWN""]",[null],,/data1/Kane/ACT/audit_results/r93_rerun_20260525T083118Z/gpu_stream1_20260526T132419Z/soundnessbench/per_instance_soundnessbench_20260526T143207494540Z.json
gpu_full,25,UNKNOWN,UNKNOWN,UNKNOWN,UNKNOWN,4.231,,False,,PASSED,,onnx/model.onnx,vnnlib/model_25.vnnlib,"[""UNKNOWN""]","[""UNKNOWN""]",[null],,/data1/Kane/ACT/audit_results/r93_rerun_20260525T083118Z/gpu_stream1_20260526T132419Z/soundnessbench/per_instance_soundnessbench_20260526T143215112080Z.json
gpu_full,26,UNKNOWN,UNKNOWN,UNKNOWN,UNKNOWN,4.749,,False,,PASSED,,onnx/model.onnx,vnnlib/model_26.vnnlib,"[""UNKNOWN""]","[""UNKNOWN""]",[null],,/data1/Kane/ACT/audit_results/r93_rerun_20260525T083118Z/gpu_stream1_20260526T132419Z/soundnessbench/per_instance_soundnessbench_20260526T143224038498Z.json
gpu_full,27,UNKNOWN,UNKNOWN,UNKNOWN,UNKNOWN,4.767,,False,,PASSED,,onnx/model.onnx,vnnlib/model_27.vnnlib,"[""UNKNOWN""]","[""UNKNOWN""]",[null],,/data1/Kane/ACT/audit_results/r93_rerun_20260525T083118Z/gpu_stream1_20260526T132419Z/soundnessbench/per_instance_soundnessbench_20260526T143232839750Z.json
gpu_full,28,UNKNOWN,UNKNOWN,UNKNOWN,UNKNOWN,4.541,,False,,PASSED,,onnx/model.onnx,vnnlib/model_28.vnnlib,"[""UNKNOWN""]","[""UNKNOWN""]",[null],,/data1/Kane/ACT/audit_results/r93_rerun_20260525T083118Z/gpu_stream1_20260526T132419Z/soundnessbench/per_instance_soundnessbench_20260526T143241815361Z.json
gpu_full,29,UNKNOWN,UNKNOWN,UNKNOWN,UNKNOWN,4.665,,False,,PASSED,,onnx/model.onnx,vnnlib/model_29.vnnlib,"[""UNKNOWN""]","[""UNKNOWN""]",[null],,/data1/Kane/ACT/audit_results/r93_rerun_20260525T083118Z/gpu_stream1_20260526T132419Z/soundnessbench/per_instance_soundnessbench_20260526T143250444683Z.json
gpu_full,3,UNKNOWN,UNKNOWN,UNKNOWN,UNKNOWN,7.802,,False,,PASSED,,onnx/model.onnx,vnnlib/model_3.vnnlib,"[""UNKNOWN""]","[""UNKNOWN""]",[null],,/data1/Kane/ACT/audit_results/r93_rerun_20260525T083118Z/gpu_stream1_20260526T132419Z/soundnessbench/per_instance_soundnessbench_20260526T142834033290Z.json
gpu_full,30,UNKNOWN,UNKNOWN,UNKNOWN,UNKNOWN,4.309,,False,,PASSED,,onnx/model.onnx,vnnlib/model_30.vnnlib,"[""UNKNOWN""]","[""UNKNOWN""]",[null],,/data1/Kane/ACT/audit_results/r93_rerun_20260525T083118Z/gpu_stream1_20260526T132419Z/soundnessbench/per_instance_soundnessbench_20260526T143259031765Z.json
gpu_full,31,UNKNOWN,UNKNOWN,UNKNOWN,UNKNOWN,4.609,,False,,PASSED,,onnx/model.onnx,vnnlib/model_31.vnnlib,"[""UNKNOWN""]","[""UNKNOWN""]",[null],,/data1/Kane/ACT/audit_results/r93_rerun_20260525T083118Z/gpu_stream1_20260526T132419Z/soundnessbench/per_instance_soundnessbench_20260526T143307754860Z.json
gpu_full,32,UNKNOWN,UNKNOWN,UNKNOWN,UNKNOWN,4.459,,False,,PASSED,,onnx/model.onnx,vnnlib/model_32.vnnlib,"[""UNKNOWN""]","[""UNKNOWN""]",[null],,/data1/Kane/ACT/audit_results/r93_rerun_20260525T083118Z/gpu_stream1_20260526T132419Z/soundnessbench/per_instance_soundnessbench_20260526T143316262115Z.json
gpu_full,33,UNKNOWN,UNKNOWN,UNKNOWN,UNKNOWN,4.333,,False,,PASSED,,onnx/model.onnx,vnnlib/model_33.vnnlib,"[""UNKNOWN""]","[""UNKNOWN""]",[null],,/data1/Kane/ACT/audit_results/r93_rerun_20260525T083118Z/gpu_stream1_20260526T132419Z/soundnessbench/per_instance_soundnessbench_20260526T143324415090Z.json
gpu_full,34,UNKNOWN,UNKNOWN,UNKNOWN,UNKNOWN,4.559,,False,,PASSED,,onnx/model.onnx,vnnlib/model_34.vnnlib,"[""UNKNOWN""]","[""UNKNOWN""]",[null],,/data1/Kane/ACT/audit_results/r93_rerun_20260525T083118Z/gpu_stream1_20260526T132419Z/soundnessbench/per_instance_soundnessbench_20260526T143332682250Z.json
gpu_full,35,UNKNOWN,UNKNOWN,UNKNOWN,UNKNOWN,4.751,,False,,PASSED,,onnx/model.onnx,vnnlib/model_35.vnnlib,"[""UNKNOWN""]","[""UNKNOWN""]",[null],,/data1/Kane/ACT/audit_results/r93_rerun_20260525T083118Z/gpu_stream1_20260526T132419Z/soundnessbench/per_instance_soundnessbench_20260526T143341461949Z.json
gpu_full,36,UNKNOWN,UNKNOWN,UNKNOWN,UNKNOWN,4.449,,False,,PASSED,,onnx/model.onnx,vnnlib/model_36.vnnlib,"[""UNKNOWN""]","[""UNKNOWN""]",[null],,/data1/Kane/ACT/audit_results/r93_rerun_20260525T083118Z/gpu_stream1_20260526T132419Z/soundnessbench/per_instance_soundnessbench_20260526T143350300141Z.json
gpu_full,37,UNKNOWN,UNKNOWN,UNKNOWN,UNKNOWN,4.688,,False,,PASSED,,onnx/model.onnx,vnnlib/model_37.vnnlib,"[""UNKNOWN""]","[""UNKNOWN""]",[null],,/data1/Kane/ACT/audit_results/r93_rerun_20260525T083118Z/gpu_stream1_20260526T132419Z/soundnessbench/per_instance_soundnessbench_20260526T143359431931Z.json
gpu_full,38,UNKNOWN,UNKNOWN,UNKNOWN,UNKNOWN,4.293,,False,,PASSED,,onnx/model.onnx,vnnlib/model_38.vnnlib,"[""UNKNOWN""]","[""UNKNOWN""]",[null],,/data1/Kane/ACT/audit_results/r93_rerun_20260525T083118Z/gpu_stream1_20260526T132419Z/soundnessbench/per_instance_soundnessbench_20260526T143407879213Z.json
gpu_full,39,UNKNOWN,UNKNOWN,UNKNOWN,UNKNOWN,4.384,,False,,PASSED,,onnx/model.onnx,vnnlib/model_39.vnnlib,"[""UNKNOWN""]","[""UNKNOWN""]",[null],,/data1/Kane/ACT/audit_results/r93_rerun_20260525T083118Z/gpu_stream1_20260526T132419Z/soundnessbench/per_instance_soundnessbench_20260526T143416003763Z.json
gpu_full,4,UNKNOWN,UNKNOWN,UNKNOWN,UNKNOWN,6.253,,False,,PASSED,,onnx/model.onnx,vnnlib/model_4.vnnlib,"[""UNKNOWN""]","[""UNKNOWN""]",[null],,/data1/Kane/ACT/audit_results/r93_rerun_20260525T083118Z/gpu_stream1_20260526T132419Z/soundnessbench/per_instance_soundnessbench_20260526T142846121711Z.json
gpu_full,40,UNKNOWN,UNKNOWN,UNKNOWN,UNKNOWN,4.307,,False,,PASSED,,onnx/model.onnx,vnnlib/model_40.vnnlib,"[""UNKNOWN""]","[""UNKNOWN""]",[null],,/data1/Kane/ACT/audit_results/r93_rerun_20260525T083118Z/gpu_stream1_20260526T132419Z/soundnessbench/per_instance_soundnessbench_20260526T143424419688Z.json
gpu_full,41,UNKNOWN,UNKNOWN,UNKNOWN,UNKNOWN,4.226,,False,,PASSED,,onnx/model.onnx,vnnlib/model_41.vnnlib,"[""UNKNOWN""]","[""UNKNOWN""]",[null],,/data1/Kane/ACT/audit_results/r93_rerun_20260525T083118Z/gpu_stream1_20260526T132419Z/soundnessbench/per_instance_soundnessbench_20260526T143432391289Z.json
gpu_full,42,UNKNOWN,UNKNOWN,UNKNOWN,UNKNOWN,4.313,,False,,PASSED,,onnx/model.onnx,vnnlib/model_42.vnnlib,"[""UNKNOWN""]","[""UNKNOWN""]",[null],,/data1/Kane/ACT/audit_results/r93_rerun_20260525T083118Z/gpu_stream1_20260526T132419Z/soundnessbench/per_instance_soundnessbench_20260526T143440450637Z.json
gpu_full,43,UNKNOWN,UNKNOWN,UNKNOWN,UNKNOWN,4.576,,False,,PASSED,,onnx/model.onnx,vnnlib/model_43.vnnlib,"[""UNKNOWN""]","[""UNKNOWN""]",[null],,/data1/Kane/ACT/audit_results/r93_rerun_20260525T083118Z/gpu_stream1_20260526T132419Z/soundnessbench/per_instance_soundnessbench_20260526T143448742671Z.json
gpu_full,44,UNKNOWN,UNKNOWN,UNKNOWN,UNKNOWN,4.557,,False,,PASSED,,onnx/model.onnx,vnnlib/model_44.vnnlib,"[""UNKNOWN""]","[""UNKNOWN""]",[null],,/data1/Kane/ACT/audit_results/r93_rerun_20260525T083118Z/gpu_stream1_20260526T132419Z/soundnessbench/per_instance_soundnessbench_20260526T143458023947Z.json
gpu_full,45,UNKNOWN,UNKNOWN,UNKNOWN,UNKNOWN,5.025,,False,,PASSED,,onnx/model.onnx,vnnlib/model_45.vnnlib,"[""UNKNOWN""]","[""UNKNOWN""]",[null],,/data1/Kane/ACT/audit_results/r93_rerun_20260525T083118Z/gpu_stream1_20260526T132419Z/soundnessbench/per_instance_soundnessbench_20260526T143507008161Z.json
gpu_full,46,UNKNOWN,UNKNOWN,UNKNOWN,UNKNOWN,4.408,,False,,PASSED,,onnx/model.onnx,vnnlib/model_46.vnnlib,"[""UNKNOWN""]","[""UNKNOWN""]",[null],,/data1/Kane/ACT/audit_results/r93_rerun_20260525T083118Z/gpu_stream1_20260526T132419Z/soundnessbench/per_instance_soundnessbench_20260526T143515813039Z.json
gpu_full,47,UNKNOWN,UNKNOWN,UNKNOWN,UNKNOWN,4.193,,False,,PASSED,,onnx/model.onnx,vnnlib/model_47.vnnlib,"[""UNKNOWN""]","[""UNKNOWN""]",[null],,/data1/Kane/ACT/audit_results/r93_rerun_20260525T083118Z/gpu_stream1_20260526T132419Z/soundnessbench/per_instance_soundnessbench_20260526T143523944495Z.json
gpu_full,48,UNKNOWN,UNKNOWN,UNKNOWN,UNKNOWN,4.748,,False,,PASSED,,onnx/model.onnx,vnnlib/model_48.vnnlib,"[""UNKNOWN""]","[""UNKNOWN""]",[null],,/data1/Kane/ACT/audit_results/r93_rerun_20260525T083118Z/gpu_stream1_20260526T132419Z/soundnessbench/per_instance_soundnessbench_20260526T143532565604Z.json
gpu_full,49,UNKNOWN,UNKNOWN,UNKNOWN,UNKNOWN,4.146,,False,,PASSED,,onnx/model.onnx,vnnlib/model_49.vnnlib,"[""UNKNOWN""]","[""UNKNOWN""]",[null],,/data1/Kane/ACT/audit_results/r93_rerun_20260525T083118Z/gpu_stream1_20260526T132419Z/soundnessbench/per_instance_soundnessbench_20260526T143540844953Z.json
gpu_full,5,UNKNOWN,UNKNOWN,UNKNOWN,UNKNOWN,8.108,,False,,PASSED,,onnx/model.onnx,vnnlib/model_5.vnnlib,"[""UNKNOWN""]","[""UNKNOWN""]",[null],,/data1/Kane/ACT/audit_results/r93_rerun_20260525T083118Z/gpu_stream1_20260526T132419Z/soundnessbench/per_instance_soundnessbench_20260526T142900477180Z.json
gpu_full,6,UNKNOWN,UNKNOWN,UNKNOWN,UNKNOWN,6.549,,False,,PASSED,,onnx/model.onnx,vnnlib/model_6.vnnlib,"[""UNKNOWN""]","[""UNKNOWN""]",[null],,/data1/Kane/ACT/audit_results/r93_rerun_20260525T083118Z/gpu_stream1_20260526T132419Z/soundnessbench/per_instance_soundnessbench_20260526T142912973481Z.json
gpu_full,7,UNKNOWN,UNKNOWN,UNKNOWN,UNKNOWN,5.646,,False,,PASSED,,onnx/model.onnx,vnnlib/model_7.vnnlib,"[""UNKNOWN""]","[""UNKNOWN""]",[null],,/data1/Kane/ACT/audit_results/r93_rerun_20260525T083118Z/gpu_stream1_20260526T132419Z/soundnessbench/per_instance_soundnessbench_20260526T142923855726Z.json
gpu_full,8,UNKNOWN,UNKNOWN,UNKNOWN,UNKNOWN,7.072,,False,,PASSED,,onnx/model.onnx,vnnlib/model_8.vnnlib,"[""UNKNOWN""]","[""UNKNOWN""]",[null],,/data1/Kane/ACT/audit_results/r93_rerun_20260525T083118Z/gpu_stream1_20260526T132419Z/soundnessbench/per_instance_soundnessbench_20260526T142936197106Z.json
gpu_full,9,UNKNOWN,UNKNOWN,UNKNOWN,UNKNOWN,5.535,,False,,PASSED,,onnx/model.onnx,vnnlib/model_9.vnnlib,"[""UNKNOWN""]","[""UNKNOWN""]",[null],,/data1/Kane/ACT/audit_results/r93_rerun_20260525T083118Z/gpu_stream1_20260526T132419Z/soundnessbench/per_instance_soundnessbench_20260526T142946648462Z.json
